2026-08-27 10:59:33,402 | INFO | __main__ | Agente lanzado: Agentes.simplificador_agente:app en puerto 8001 (pid 7244)
2026-08-27 10:59:33,413 | INFO | __main__ | Agente lanzado: Agentes.critico_agente:app en puerto 8002 (pid 12996)
2026-08-27 10:59:33,425 | INFO | __main__ | Agente lanzado: Agentes.supervisor_agente:app en puerto 8003 (pid 6740)
2026-08-27 10:59:33,437 | INFO | __main__ | Agente lanzado: Agentes.definicion_agente:app en puerto 8004 (pid 12484)
2026-08-27 10:59:33,447 | INFO | __main__ | Agente lanzado: Agentes.agentes_simplificacion.simplificador_sintactico:app en puerto 8005 (pid 12544)
2026-08-27 10:59:33,458 | INFO | __main__ | Agente lanzado: Agentes.agentes_simplificacion.simplificador_estructural:app en puerto 8006 (pid 1696)
2026-08-27 10:59:33,493 | INFO | __main__ | Agente lanzado: Agentes.agentes_simplificacion.simplificador_lexico:app en puerto 8007 (pid 14708)
2026-08-27 10:59:33,505 | INFO | __main__ | Agente lanzado: Agentes.agentes_critico.critico_sintactico:app en puerto 8008 (pid 3328)
2026-08-27 10:59:33,516 | INFO | __main__ | Agente lanzado: Agentes.agentes_critico.critico_estructural:app en puerto 8009 (pid 12116)
2026-08-27 10:59:33,527 | INFO | __main__ | Agente lanzado: Agentes.agentes_critico.critico_lexico:app en puerto 8010 (pid 13536)
2026-08-27 10:59:33,527 | INFO | __main__ | Esperando a que los agentes arranquen...
2026-08-27 10:59:37,547 | INFO | httpx | HTTP Request: GET http://localhost:8001/.well-known/agent.json "HTTP/1.1 200 OK"
2026-08-27 10:59:37,548 | INFO | __main__ | Agente 'simplificador' listo en http://localhost:8001
2026-08-27 10:59:37,812 | INFO | httpx | HTTP Request: GET http://localhost:8002/.well-known/agent.json "HTTP/1.1 200 OK"
2026-08-27 10:59:37,815 | INFO | __main__ | Agente 'critico' listo en http://localhost:8002
2026-08-27 10:59:38,078 | INFO | httpx | HTTP Request: GET http://localhost:8003/.well-known/agent.json "HTTP/1.1 200 OK"
2026-08-27 10:59:38,079 | INFO | __main__ | Agente 'supervisor' listo en http://localhost:8003
2026-08-27 10:59:38,343 | INFO | httpx | HTTP Request: GET http://localhost:8004/.well-known/agent.json "HTTP/1.1 200 OK"
2026-08-27 10:59:38,344 | INFO | __main__ | Agente 'definicion' listo en http://localhost:8004
2026-08-27 10:59:38,612 | INFO | httpx | HTTP Request: GET http://localhost:8005/.well-known/agent.json "HTTP/1.1 200 OK"
2026-08-27 10:59:38,612 | INFO | __main__ | Agente 'simplificador_oraciones' listo en http://localhost:8005
2026-08-27 10:59:38,874 | INFO | httpx | HTTP Request: GET http://localhost:8006/.well-known/agent.json "HTTP/1.1 200 OK"
2026-08-27 10:59:38,874 | INFO | __main__ | Agente 'simplificador_estructural' listo en http://localhost:8006
2026-08-27 10:59:39,147 | INFO | httpx | HTTP Request: GET http://localhost:8007/.well-known/agent.json "HTTP/1.1 200 OK"
2026-08-27 10:59:39,148 | INFO | __main__ | Agente 'simplificador_lexico' listo en http://localhost:8007
2026-08-27 10:59:39,411 | INFO | httpx | HTTP Request: GET http://localhost:8008/.well-known/agent.json "HTTP/1.1 200 OK"
2026-08-27 10:59:39,413 | INFO | __main__ | Agente 'critico_oraciones' listo en http://localhost:8008
2026-08-27 10:59:39,684 | INFO | httpx | HTTP Request: GET http://localhost:8009/.well-known/agent.json "HTTP/1.1 200 OK"
2026-08-27 10:59:39,685 | INFO | __main__ | Agente 'critico_estructural' listo en http://localhost:8009
2026-08-27 10:59:39,958 | INFO | httpx | HTTP Request: GET http://localhost:8010/.well-known/agent.json "HTTP/1.1 200 OK"
2026-08-27 10:59:39,959 | INFO | __main__ | Agente 'critico_lexico' listo en http://localhost:8010
2026-08-27 10:59:39,961 | INFO | __main__ | Todos los agentes están listos. API escuchando en http://localhost:8000
2026-08-27 11:00:09,725 | INFO | httpx | HTTP Request: POST http://localhost:8003/tasks/send "HTTP/1.1 200 OK"
2026-08-27 11:00:09,727 | ERROR | __main__ | Error en la tarea: El agente http://localhost:8002 falló: No se ha podido obtener ningún informe crítico.
2026-08-27 11:01:13,354 | INFO | httpx | HTTP Request: POST http://localhost:8003/tasks/send "HTTP/1.1 200 OK"
2026-08-27 11:01:13,356 | ERROR | __main__ | Error en la tarea: El agente http://localhost:8002 falló: No se ha podido obtener ningún informe crítico.
2026-08-27 11:02:16,736 | INFO | httpx | HTTP Request: POST http://localhost:8003/tasks/send "HTTP/1.1 200 OK"
2026-08-27 11:02:16,737 | ERROR | __main__ | Error en la tarea: El agente http://localhost:8002 falló: No se ha podido obtener ningún informe crítico.
2026-08-27 11:03:51,739 | INFO | httpx | HTTP Request: POST http://localhost:8003/tasks/send "HTTP/1.1 200 OK"
2026-08-27 11:03:51,742 | ERROR | __main__ | Error en la tarea: El agente http://localhost:8002 falló: No se ha podido obtener ningún informe crítico.
2026-08-27 11:03:51,849 | INFO | __main__ | Apagando agentes...
2026-08-27 11:07:49,113 | INFO | __main__ | Agente lanzado: Agentes.simplificador_agente:app en puerto 8001 (pid 2416)
2026-08-27 11:07:49,122 | INFO | __main__ | Agente lanzado: Agentes.critico_agente:app en puerto 8002 (pid 16760)
2026-08-27 11:07:49,132 | INFO | __main__ | Agente lanzado: Agentes.supervisor_agente:app en puerto 8003 (pid 14780)
2026-08-27 11:07:49,143 | INFO | __main__ | Agente lanzado: Agentes.definicion_agente:app en puerto 8004 (pid 12768)
2026-08-27 11:07:49,157 | INFO | __main__ | Agente lanzado: Agentes.agentes_simplificacion.simplificador_sintactico:app en puerto 8005 (pid 10804)
2026-08-27 11:07:49,170 | INFO | __main__ | Agente lanzado: Agentes.agentes_simplificacion.simplificador_estructural:app en puerto 8006 (pid 4328)
2026-08-27 11:07:49,182 | INFO | __main__ | Agente lanzado: Agentes.agentes_simplificacion.simplificador_lexico:app en puerto 8007 (pid 11572)
2026-08-27 11:07:49,191 | INFO | __main__ | Agente lanzado: Agentes.agentes_critico.critico_sintactico:app en puerto 8008 (pid 8992)
2026-08-27 11:07:49,202 | INFO | __main__ | Agente lanzado: Agentes.agentes_critico.critico_estructural:app en puerto 8009 (pid 18076)
2026-08-27 11:07:49,211 | INFO | __main__ | Agente lanzado: Agentes.agentes_critico.critico_lexico:app en puerto 8010 (pid 10036)
2026-08-27 11:07:49,211 | INFO | __main__ | Esperando a que los agentes arranquen...
2026-08-27 11:07:53,219 | INFO | httpx | HTTP Request: GET http://localhost:8001/.well-known/agent.json "HTTP/1.1 200 OK"
2026-08-27 11:07:53,221 | INFO | __main__ | Agente 'simplificador' listo en http://localhost:8001
2026-08-27 11:07:53,489 | INFO | httpx | HTTP Request: GET http://localhost:8002/.well-known/agent.json "HTTP/1.1 200 OK"
2026-08-27 11:07:53,490 | INFO | __main__ | Agente 'critico' listo en http://localhost:8002
2026-08-27 11:07:53,754 | INFO | httpx | HTTP Request: GET http://localhost:8003/.well-known/agent.json "HTTP/1.1 200 OK"
2026-08-27 11:07:53,755 | INFO | __main__ | Agente 'supervisor' listo en http://localhost:8003
2026-08-27 11:07:54,023 | INFO | httpx | HTTP Request: GET http://localhost:8004/.well-known/agent.json "HTTP/1.1 200 OK"
2026-08-27 11:07:54,024 | INFO | __main__ | Agente 'definicion' listo en http://localhost:8004
2026-08-27 11:07:54,289 | INFO | httpx | HTTP Request: GET http://localhost:8005/.well-known/agent.json "HTTP/1.1 200 OK"
2026-08-27 11:07:54,290 | INFO | __main__ | Agente 'simplificador_oraciones' listo en http://localhost:8005
2026-08-27 11:07:54,557 | INFO | httpx | HTTP Request: GET http://localhost:8006/.well-known/agent.json "HTTP/1.1 200 OK"
2026-08-27 11:07:54,558 | INFO | __main__ | Agente 'simplificador_estructural' listo en http://localhost:8006
2026-08-27 11:07:54,831 | INFO | httpx | HTTP Request: GET http://localhost:8007/.well-known/agent.json "HTTP/1.1 200 OK"
2026-08-27 11:07:54,832 | INFO | __main__ | Agente 'simplificador_lexico' listo en http://localhost:8007
2026-08-27 11:07:55,114 | INFO | httpx | HTTP Request: GET http://localhost:8008/.well-known/agent.json "HTTP/1.1 200 OK"
2026-08-27 11:07:55,115 | INFO | __main__ | Agente 'critico_oraciones' listo en http://localhost:8008
2026-08-27 11:07:55,390 | INFO | httpx | HTTP Request: GET http://localhost:8009/.well-known/agent.json "HTTP/1.1 200 OK"
2026-08-27 11:07:55,391 | INFO | __main__ | Agente 'critico_estructural' listo en http://localhost:8009
2026-08-27 11:07:55,669 | INFO | httpx | HTTP Request: GET http://localhost:8010/.well-known/agent.json "HTTP/1.1 200 OK"
2026-08-27 11:07:55,671 | INFO | __main__ | Agente 'critico_lexico' listo en http://localhost:8010
2026-08-27 11:07:55,673 | INFO | __main__ | Todos los agentes están listos. API escuchando en http://localhost:8000
2026-08-27 11:08:04,100 | INFO | httpx | HTTP Request: POST http://localhost:8003/tasks/send "HTTP/1.1 200 OK"
2026-08-27 11:08:04,102 | ERROR | __main__ | Error en la tarea: El agente http://localhost:8002 falló: No se ha podido obtener ningún informe crítico.
2026-08-27 11:08:11,903 | INFO | httpx | HTTP Request: POST http://localhost:8003/tasks/send "HTTP/1.1 200 OK"
2026-08-27 11:08:11,906 | ERROR | __main__ | Error en la tarea: El agente http://localhost:8002 falló: No se ha podido obtener ningún informe crítico.
2026-08-27 11:08:12,022 | INFO | __main__ | Apagando agentes...
2026-08-27 11:09:54,022 | INFO | __main__ | Agente lanzado: Agentes.simplificador_agente:app en puerto 8001 (pid 20916)
2026-08-27 11:09:54,032 | INFO | __main__ | Agente lanzado: Agentes.critico_agente:app en puerto 8002 (pid 4940)
2026-08-27 11:09:54,042 | INFO | __main__ | Agente lanzado: Agentes.supervisor_agente:app en puerto 8003 (pid 8468)
2026-08-27 11:09:54,054 | INFO | __main__ | Agente lanzado: Agentes.definicion_agente:app en puerto 8004 (pid 14988)
2026-08-27 11:09:54,065 | INFO | __main__ | Agente lanzado: Agentes.agentes_simplificacion.simplificador_sintactico:app en puerto 8005 (pid 10196)
2026-08-27 11:09:54,076 | INFO | __main__ | Agente lanzado: Agentes.agentes_simplificacion.simplificador_estructural:app en puerto 8006 (pid 4032)
2026-08-27 11:09:54,086 | INFO | __main__ | Agente lanzado: Agentes.agentes_simplificacion.simplificador_lexico:app en puerto 8007 (pid 21940)
2026-08-27 11:09:54,098 | INFO | __main__ | Agente lanzado: Agentes.agentes_critico.critico_sintactico:app en puerto 8008 (pid 13300)
2026-08-27 11:09:54,127 | INFO | __main__ | Agente lanzado: Agentes.agentes_critico.critico_estructural:app en puerto 8009 (pid 17580)
2026-08-27 11:09:54,139 | INFO | __main__ | Agente lanzado: Agentes.agentes_critico.critico_lexico:app en puerto 8010 (pid 13912)
2026-08-27 11:09:54,140 | INFO | __main__ | Esperando a que los agentes arranquen...
2026-08-27 11:09:58,178 | INFO | httpx | HTTP Request: GET http://localhost:8001/.well-known/agent.json "HTTP/1.1 200 OK"
2026-08-27 11:09:58,179 | INFO | __main__ | Agente 'simplificador' listo en http://localhost:8001
2026-08-27 11:09:58,441 | INFO | httpx | HTTP Request: GET http://localhost:8002/.well-known/agent.json "HTTP/1.1 200 OK"
2026-08-27 11:09:58,441 | INFO | __main__ | Agente 'critico' listo en http://localhost:8002
2026-08-27 11:09:58,709 | INFO | httpx | HTTP Request: GET http://localhost:8003/.well-known/agent.json "HTTP/1.1 200 OK"
2026-08-27 11:09:58,711 | INFO | __main__ | Agente 'supervisor' listo en http://localhost:8003
2026-08-27 11:09:58,976 | INFO | httpx | HTTP Request: GET http://localhost:8004/.well-known/agent.json "HTTP/1.1 200 OK"
2026-08-27 11:09:58,977 | INFO | __main__ | Agente 'definicion' listo en http://localhost:8004
2026-08-27 11:09:59,249 | INFO | httpx | HTTP Request: GET http://localhost:8005/.well-known/agent.json "HTTP/1.1 200 OK"
2026-08-27 11:09:59,251 | INFO | __main__ | Agente 'simplificador_oraciones' listo en http://localhost:8005
2026-08-27 11:09:59,530 | INFO | httpx | HTTP Request: GET http://localhost:8006/.well-known/agent.json "HTTP/1.1 200 OK"
2026-08-27 11:09:59,531 | INFO | __main__ | Agente 'simplificador_estructural' listo en http://localhost:8006
2026-08-27 11:09:59,791 | INFO | httpx | HTTP Request: GET http://localhost:8007/.well-known/agent.json "HTTP/1.1 200 OK"
2026-08-27 11:09:59,792 | INFO | __main__ | Agente 'simplificador_lexico' listo en http://localhost:8007
2026-08-27 11:10:00,068 | INFO | httpx | HTTP Request: GET http://localhost:8008/.well-known/agent.json "HTTP/1.1 200 OK"
2026-08-27 11:10:00,069 | INFO | __main__ | Agente 'critico_oraciones' listo en http://localhost:8008
2026-08-27 11:10:00,350 | INFO | httpx | HTTP Request: GET http://localhost:8009/.well-known/agent.json "HTTP/1.1 200 OK"
2026-08-27 11:10:00,352 | INFO | __main__ | Agente 'critico_estructural' listo en http://localhost:8009
2026-08-27 11:10:00,633 | INFO | httpx | HTTP Request: GET http://localhost:8010/.well-known/agent.json "HTTP/1.1 200 OK"
2026-08-27 11:10:00,634 | INFO | __main__ | Agente 'critico_lexico' listo en http://localhost:8010
2026-08-27 11:10:00,636 | INFO | __main__ | Todos los agentes están listos. API escuchando en http://localhost:8000
2026-08-27 11:10:21,185 | INFO | httpx | HTTP Request: POST http://localhost:8003/tasks/send "HTTP/1.1 200 OK"
2026-08-27 11:10:21,188 | ERROR | __main__ | Error en la tarea: El agente http://localhost:8002 falló: No se ha podido obtener ningún informe crítico.
2026-08-27 11:10:21,236 | INFO | __main__ | Apagando agentes...
2026-08-27 11:14:42,304 | INFO | __main__ | Agente lanzado: Agentes.simplificador_agente:app en puerto 8001 (pid 4528)
2026-08-27 11:14:42,315 | INFO | __main__ | Agente lanzado: Agentes.critico_agente:app en puerto 8002 (pid 6468)
2026-08-27 11:14:42,326 | INFO | __main__ | Agente lanzado: Agentes.supervisor_agente:app en puerto 8003 (pid 7240)
2026-08-27 11:14:42,337 | INFO | __main__ | Agente lanzado: Agentes.definicion_agente:app en puerto 8004 (pid 8452)
2026-08-27 11:14:42,345 | INFO | __main__ | Agente lanzado: Agentes.agentes_simplificacion.simplificador_sintactico:app en puerto 8005 (pid 5072)
2026-08-27 11:14:42,356 | INFO | __main__ | Agente lanzado: Agentes.agentes_simplificacion.simplificador_estructural:app en puerto 8006 (pid 2832)
2026-08-27 11:14:42,364 | INFO | __main__ | Agente lanzado: Agentes.agentes_simplificacion.simplificador_lexico:app en puerto 8007 (pid 8992)
2026-08-27 11:14:42,374 | INFO | __main__ | Agente lanzado: Agentes.agentes_critico.critico_sintactico:app en puerto 8008 (pid 2416)
2026-08-27 11:14:42,383 | INFO | __main__ | Agente lanzado: Agentes.agentes_critico.critico_estructural:app en puerto 8009 (pid 10036)
2026-08-27 11:14:42,393 | INFO | __main__ | Agente lanzado: Agentes.agentes_critico.critico_lexico:app en puerto 8010 (pid 3572)
2026-08-27 11:14:42,393 | INFO | __main__ | Esperando a que los agentes arranquen...
2026-08-27 11:14:46,393 | INFO | httpx | HTTP Request: GET http://localhost:8001/.well-known/agent.json "HTTP/1.1 200 OK"
2026-08-27 11:14:46,394 | INFO | __main__ | Agente 'simplificador' listo en http://localhost:8001
2026-08-27 11:14:46,658 | INFO | httpx | HTTP Request: GET http://localhost:8002/.well-known/agent.json "HTTP/1.1 200 OK"
2026-08-27 11:14:46,659 | INFO | __main__ | Agente 'critico' listo en http://localhost:8002
2026-08-27 11:14:46,924 | INFO | httpx | HTTP Request: GET http://localhost:8003/.well-known/agent.json "HTTP/1.1 200 OK"
2026-08-27 11:14:46,924 | INFO | __main__ | Agente 'supervisor' listo en http://localhost:8003
2026-08-27 11:14:47,190 | INFO | httpx | HTTP Request: GET http://localhost:8004/.well-known/agent.json "HTTP/1.1 200 OK"
2026-08-27 11:14:47,192 | INFO | __main__ | Agente 'definicion' listo en http://localhost:8004
2026-08-27 11:14:47,456 | INFO | httpx | HTTP Request: GET http://localhost:8005/.well-known/agent.json "HTTP/1.1 200 OK"
2026-08-27 11:14:47,457 | INFO | __main__ | Agente 'simplificador_oraciones' listo en http://localhost:8005
2026-08-27 11:14:47,725 | INFO | httpx | HTTP Request: GET http://localhost:8006/.well-known/agent.json "HTTP/1.1 200 OK"
2026-08-27 11:14:47,726 | INFO | __main__ | Agente 'simplificador_estructural' listo en http://localhost:8006
2026-08-27 11:14:47,990 | INFO | httpx | HTTP Request: GET http://localhost:8007/.well-known/agent.json "HTTP/1.1 200 OK"
2026-08-27 11:14:47,991 | INFO | __main__ | Agente 'simplificador_lexico' listo en http://localhost:8007
2026-08-27 11:14:48,267 | INFO | httpx | HTTP Request: GET http://localhost:8008/.well-known/agent.json "HTTP/1.1 200 OK"
2026-08-27 11:14:48,268 | INFO | __main__ | Agente 'critico_oraciones' listo en http://localhost:8008
2026-08-27 11:14:48,550 | INFO | httpx | HTTP Request: GET http://localhost:8009/.well-known/agent.json "HTTP/1.1 200 OK"
2026-08-27 11:14:48,551 | INFO | __main__ | Agente 'critico_estructural' listo en http://localhost:8009
2026-08-27 11:14:48,824 | INFO | httpx | HTTP Request: GET http://localhost:8010/.well-known/agent.json "HTTP/1.1 200 OK"
2026-08-27 11:14:48,826 | INFO | __main__ | Agente 'critico_lexico' listo en http://localhost:8010
2026-08-27 11:14:48,828 | INFO | __main__ | Todos los agentes están listos. API escuchando en http://localhost:8000
2026-08-27 11:15:07,500 | INFO | httpx | HTTP Request: POST http://localhost:8003/tasks/send "HTTP/1.1 200 OK"
2026-08-27 11:15:07,503 | ERROR | __main__ | Error en la tarea: El agente http://localhost:8002 falló: No se ha podido obtener ningún informe crítico.
2026-08-27 11:16:01,458 | INFO | httpx | HTTP Request: POST http://localhost:8003/tasks/send "HTTP/1.1 200 OK"
2026-08-27 11:16:01,460 | ERROR | __main__ | Error en la tarea: El agente http://localhost:8002 falló: No se ha podido obtener ningún informe crítico.
2026-08-27 11:16:01,493 | INFO | __main__ | Apagando agentes...
2026-08-27 11:28:03,813 | INFO | __main__ | Agente lanzado: Agentes.simplificador_agente:app en puerto 8001 (pid 22284)
2026-08-27 11:28:03,822 | INFO | __main__ | Agente lanzado: Agentes.critico_agente:app en puerto 8002 (pid 18768)
2026-08-27 11:28:03,834 | INFO | __main__ | Agente lanzado: Agentes.supervisor_agente:app en puerto 8003 (pid 14560)
2026-08-27 11:28:03,847 | INFO | __main__ | Agente lanzado: Agentes.definicion_agente:app en puerto 8004 (pid 14444)
2026-08-27 11:28:03,856 | INFO | __main__ | Agente lanzado: Agentes.agentes_simplificacion.simplificador_sintactico:app en puerto 8005 (pid 7668)
2026-08-27 11:28:03,865 | INFO | __main__ | Agente lanzado: Agentes.agentes_simplificacion.simplificador_estructural:app en puerto 8006 (pid 9144)
2026-08-27 11:28:03,877 | INFO | __main__ | Agente lanzado: Agentes.agentes_simplificacion.simplificador_lexico:app en puerto 8007 (pid 3256)
2026-08-27 11:28:03,887 | INFO | __main__ | Agente lanzado: Agentes.agentes_critico.critico_sintactico:app en puerto 8008 (pid 14392)
2026-08-27 11:28:03,898 | INFO | __main__ | Agente lanzado: Agentes.agentes_critico.critico_estructural:app en puerto 8009 (pid 3444)
2026-08-27 11:28:03,908 | INFO | __main__ | Agente lanzado: Agentes.agentes_critico.critico_lexico:app en puerto 8010 (pid 7044)
2026-08-27 11:28:03,909 | INFO | __main__ | Esperando a que los agentes arranquen...
2026-08-27 11:28:07,903 | INFO | httpx | HTTP Request: GET http://localhost:8001/.well-known/agent.json "HTTP/1.1 200 OK"
2026-08-27 11:28:07,904 | INFO | __main__ | Agente 'simplificador' listo en http://localhost:8001
2026-08-27 11:28:08,169 | INFO | httpx | HTTP Request: GET http://localhost:8002/.well-known/agent.json "HTTP/1.1 200 OK"
2026-08-27 11:28:08,170 | INFO | __main__ | Agente 'critico' listo en http://localhost:8002
2026-08-27 11:28:08,434 | INFO | httpx | HTTP Request: GET http://localhost:8003/.well-known/agent.json "HTTP/1.1 200 OK"
2026-08-27 11:28:08,435 | INFO | __main__ | Agente 'supervisor' listo en http://localhost:8003
2026-08-27 11:28:08,699 | INFO | httpx | HTTP Request: GET http://localhost:8004/.well-known/agent.json "HTTP/1.1 200 OK"
2026-08-27 11:28:08,700 | INFO | __main__ | Agente 'definicion' listo en http://localhost:8004
2026-08-27 11:28:08,966 | INFO | httpx | HTTP Request: GET http://localhost:8005/.well-known/agent.json "HTTP/1.1 200 OK"
2026-08-27 11:28:08,967 | INFO | __main__ | Agente 'simplificador_oraciones' listo en http://localhost:8005
2026-08-27 11:28:09,236 | INFO | httpx | HTTP Request: GET http://localhost:8006/.well-known/agent.json "HTTP/1.1 200 OK"
2026-08-27 11:28:09,237 | INFO | __main__ | Agente 'simplificador_estructural' listo en http://localhost:8006
2026-08-27 11:28:09,503 | INFO | httpx | HTTP Request: GET http://localhost:8007/.well-known/agent.json "HTTP/1.1 200 OK"
2026-08-27 11:28:09,504 | INFO | __main__ | Agente 'simplificador_lexico' listo en http://localhost:8007
2026-08-27 11:28:09,768 | INFO | httpx | HTTP Request: GET http://localhost:8008/.well-known/agent.json "HTTP/1.1 200 OK"
2026-08-27 11:28:09,769 | INFO | __main__ | Agente 'critico_oraciones' listo en http://localhost:8008
2026-08-27 11:28:10,035 | INFO | httpx | HTTP Request: GET http://localhost:8009/.well-known/agent.json "HTTP/1.1 200 OK"
2026-08-27 11:28:10,036 | INFO | __main__ | Agente 'critico_estructural' listo en http://localhost:8009
2026-08-27 11:28:10,309 | INFO | httpx | HTTP Request: GET http://localhost:8010/.well-known/agent.json "HTTP/1.1 200 OK"
2026-08-27 11:28:10,310 | INFO | __main__ | Agente 'critico_lexico' listo en http://localhost:8010
2026-08-27 11:28:10,313 | INFO | __main__ | Todos los agentes están listos. API escuchando en http://localhost:8000
2026-08-27 11:28:26,289 | INFO | __main__ | Apagando agentes...
2026-08-27 11:30:50,461 | INFO | __main__ | Agente lanzado: Agentes.simplificador_agente:app en puerto 8001 (pid 9884)
2026-08-27 11:30:50,473 | INFO | __main__ | Agente lanzado: Agentes.critico_agente:app en puerto 8002 (pid 4548)
2026-08-27 11:30:50,486 | INFO | __main__ | Agente lanzado: Agentes.supervisor_agente:app en puerto 8003 (pid 2816)
2026-08-27 11:30:50,497 | INFO | __main__ | Agente lanzado: Agentes.definicion_agente:app en puerto 8004 (pid 8364)
2026-08-27 11:30:50,505 | INFO | __main__ | Agente lanzado: Agentes.agentes_simplificacion.simplificador_sintactico:app en puerto 8005 (pid 2900)
2026-08-27 11:30:50,515 | INFO | __main__ | Agente lanzado: Agentes.agentes_simplificacion.simplificador_estructural:app en puerto 8006 (pid 10824)
2026-08-27 11:30:50,525 | INFO | __main__ | Agente lanzado: Agentes.agentes_simplificacion.simplificador_lexico:app en puerto 8007 (pid 11072)
2026-08-27 11:30:50,535 | INFO | __main__ | Agente lanzado: Agentes.agentes_critico.critico_sintactico:app en puerto 8008 (pid 13016)
2026-08-27 11:30:50,544 | INFO | __main__ | Agente lanzado: Agentes.agentes_critico.critico_estructural:app en puerto 8009 (pid 17916)
2026-08-27 11:30:50,552 | INFO | __main__ | Agente lanzado: Agentes.agentes_critico.critico_lexico:app en puerto 8010 (pid 520)
2026-08-27 11:30:50,553 | INFO | __main__ | Esperando a que los agentes arranquen...
2026-08-27 11:30:54,583 | INFO | httpx | HTTP Request: GET http://localhost:8001/.well-known/agent.json "HTTP/1.1 200 OK"
2026-08-27 11:30:54,584 | INFO | __main__ | Agente 'simplificador' listo en http://localhost:8001
2026-08-27 11:30:54,849 | INFO | httpx | HTTP Request: GET http://localhost:8002/.well-known/agent.json "HTTP/1.1 200 OK"
2026-08-27 11:30:54,850 | INFO | __main__ | Agente 'critico' listo en http://localhost:8002
2026-08-27 11:30:55,117 | INFO | httpx | HTTP Request: GET http://localhost:8003/.well-known/agent.json "HTTP/1.1 200 OK"
2026-08-27 11:30:55,118 | INFO | __main__ | Agente 'supervisor' listo en http://localhost:8003
2026-08-27 11:30:55,387 | INFO | httpx | HTTP Request: GET http://localhost:8004/.well-known/agent.json "HTTP/1.1 200 OK"
2026-08-27 11:30:55,388 | INFO | __main__ | Agente 'definicion' listo en http://localhost:8004
2026-08-27 11:30:55,651 | INFO | httpx | HTTP Request: GET http://localhost:8005/.well-known/agent.json "HTTP/1.1 200 OK"
2026-08-27 11:30:55,652 | INFO | __main__ | Agente 'simplificador_oraciones' listo en http://localhost:8005
2026-08-27 11:30:55,919 | INFO | httpx | HTTP Request: GET http://localhost:8006/.well-known/agent.json "HTTP/1.1 200 OK"
2026-08-27 11:30:55,920 | INFO | __main__ | Agente 'simplificador_estructural' listo en http://localhost:8006
2026-08-27 11:30:56,193 | INFO | httpx | HTTP Request: GET http://localhost:8007/.well-known/agent.json "HTTP/1.1 200 OK"
2026-08-27 11:30:56,194 | INFO | __main__ | Agente 'simplificador_lexico' listo en http://localhost:8007
2026-08-27 11:30:56,458 | INFO | httpx | HTTP Request: GET http://localhost:8008/.well-known/agent.json "HTTP/1.1 200 OK"
2026-08-27 11:30:56,459 | INFO | __main__ | Agente 'critico_oraciones' listo en http://localhost:8008
2026-08-27 11:30:56,726 | INFO | httpx | HTTP Request: GET http://localhost:8009/.well-known/agent.json "HTTP/1.1 200 OK"
2026-08-27 11:30:56,728 | INFO | __main__ | Agente 'critico_estructural' listo en http://localhost:8009
2026-08-27 11:30:56,991 | INFO | httpx | HTTP Request: GET http://localhost:8010/.well-known/agent.json "HTTP/1.1 200 OK"
2026-08-27 11:30:56,992 | INFO | __main__ | Agente 'critico_lexico' listo en http://localhost:8010
2026-08-27 11:30:56,994 | INFO | __main__ | Todos los agentes están listos. API escuchando en http://localhost:8000
2026-08-27 11:31:14,857 | INFO | __main__ | Apagando agentes...
2026-08-27 11:35:16,806 | INFO | __main__ | Agente lanzado: Agentes.simplificador_agente:app en puerto 8001 (pid 19660)
2026-08-27 11:35:16,816 | INFO | __main__ | Agente lanzado: Agentes.critico_agente:app en puerto 8002 (pid 14812)
2026-08-27 11:35:16,826 | INFO | __main__ | Agente lanzado: Agentes.supervisor_agente:app en puerto 8003 (pid 16796)
2026-08-27 11:35:16,837 | INFO | __main__ | Agente lanzado: Agentes.definicion_agente:app en puerto 8004 (pid 12324)
2026-08-27 11:35:16,846 | INFO | __main__ | Agente lanzado: Agentes.agentes_simplificacion.simplificador_sintactico:app en puerto 8005 (pid 21252)
2026-08-27 11:35:16,855 | INFO | __main__ | Agente lanzado: Agentes.agentes_simplificacion.simplificador_estructural:app en puerto 8006 (pid 22288)
2026-08-27 11:35:16,865 | INFO | __main__ | Agente lanzado: Agentes.agentes_simplificacion.simplificador_lexico:app en puerto 8007 (pid 11176)
2026-08-27 11:35:16,874 | INFO | __main__ | Agente lanzado: Agentes.agentes_critico.critico_sintactico:app en puerto 8008 (pid 7676)
2026-08-27 11:35:16,891 | INFO | __main__ | Agente lanzado: Agentes.agentes_critico.critico_estructural:app en puerto 8009 (pid 12588)
2026-08-27 11:35:16,902 | INFO | __main__ | Agente lanzado: Agentes.agentes_critico.critico_lexico:app en puerto 8010 (pid 20220)
2026-08-27 11:35:16,902 | INFO | __main__ | Esperando a que los agentes arranquen...
2026-08-27 11:35:21,035 | INFO | httpx | HTTP Request: GET http://localhost:8001/.well-known/agent.json "HTTP/1.1 200 OK"
2026-08-27 11:35:21,037 | INFO | __main__ | Agente 'simplificador' listo en http://localhost:8001
2026-08-27 11:35:21,300 | INFO | httpx | HTTP Request: GET http://localhost:8002/.well-known/agent.json "HTTP/1.1 200 OK"
2026-08-27 11:35:21,301 | INFO | __main__ | Agente 'critico' listo en http://localhost:8002
2026-08-27 11:35:21,568 | INFO | httpx | HTTP Request: GET http://localhost:8003/.well-known/agent.json "HTTP/1.1 200 OK"
2026-08-27 11:35:21,569 | INFO | __main__ | Agente 'supervisor' listo en http://localhost:8003
2026-08-27 11:35:21,839 | INFO | httpx | HTTP Request: GET http://localhost:8004/.well-known/agent.json "HTTP/1.1 200 OK"
2026-08-27 11:35:21,840 | INFO | __main__ | Agente 'definicion' listo en http://localhost:8004
2026-08-27 11:35:22,104 | INFO | httpx | HTTP Request: GET http://localhost:8005/.well-known/agent.json "HTTP/1.1 200 OK"
2026-08-27 11:35:22,105 | INFO | __main__ | Agente 'simplificador_oraciones' listo en http://localhost:8005
2026-08-27 11:35:22,376 | INFO | httpx | HTTP Request: GET http://localhost:8006/.well-known/agent.json "HTTP/1.1 200 OK"
2026-08-27 11:35:22,377 | INFO | __main__ | Agente 'simplificador_estructural' listo en http://localhost:8006
2026-08-27 11:35:22,642 | INFO | httpx | HTTP Request: GET http://localhost:8007/.well-known/agent.json "HTTP/1.1 200 OK"
2026-08-27 11:35:22,643 | INFO | __main__ | Agente 'simplificador_lexico' listo en http://localhost:8007
2026-08-27 11:35:22,908 | INFO | httpx | HTTP Request: GET http://localhost:8008/.well-known/agent.json "HTTP/1.1 200 OK"
2026-08-27 11:35:22,909 | INFO | __main__ | Agente 'critico_oraciones' listo en http://localhost:8008
2026-08-27 11:35:23,173 | INFO | httpx | HTTP Request: GET http://localhost:8009/.well-known/agent.json "HTTP/1.1 200 OK"
2026-08-27 11:35:23,174 | INFO | __main__ | Agente 'critico_estructural' listo en http://localhost:8009
2026-08-27 11:35:23,442 | INFO | httpx | HTTP Request: GET http://localhost:8010/.well-known/agent.json "HTTP/1.1 200 OK"
2026-08-27 11:35:23,443 | INFO | __main__ | Agente 'critico_lexico' listo en http://localhost:8010
2026-08-27 11:35:23,446 | INFO | __main__ | Todos los agentes están listos. API escuchando en http://localhost:8000
2026-08-27 11:35:38,427 | INFO | __main__ | Apagando agentes...
2026-08-27 11:42:47,405 | INFO | __main__ | Agente lanzado: Agentes.simplificador_agente:app en puerto 8001 (pid 19000)
2026-08-27 11:42:47,418 | INFO | __main__ | Agente lanzado: Agentes.critico_agente:app en puerto 8002 (pid 4880)
2026-08-27 11:42:47,426 | INFO | __main__ | Agente lanzado: Agentes.supervisor_agente:app en puerto 8003 (pid 19348)
2026-08-27 11:42:47,436 | INFO | __main__ | Agente lanzado: Agentes.definicion_agente:app en puerto 8004 (pid 6748)
2026-08-27 11:42:47,448 | INFO | __main__ | Agente lanzado: Agentes.agentes_simplificacion.simplificador_sintactico:app en puerto 8005 (pid 8144)
2026-08-27 11:42:47,460 | INFO | __main__ | Agente lanzado: Agentes.agentes_simplificacion.simplificador_estructural:app en puerto 8006 (pid 17792)
2026-08-27 11:42:47,471 | INFO | __main__ | Agente lanzado: Agentes.agentes_simplificacion.simplificador_lexico:app en puerto 8007 (pid 9784)
2026-08-27 11:42:47,484 | INFO | __main__ | Agente lanzado: Agentes.agentes_critico.critico_sintactico:app en puerto 8008 (pid 21640)
2026-08-27 11:42:47,496 | INFO | __main__ | Agente lanzado: Agentes.agentes_critico.critico_estructural:app en puerto 8009 (pid 12144)
2026-08-27 11:42:47,505 | INFO | __main__ | Agente lanzado: Agentes.agentes_critico.critico_lexico:app en puerto 8010 (pid 10088)
2026-08-27 11:42:47,506 | INFO | __main__ | Esperando a que los agentes arranquen...
2026-08-27 11:42:51,534 | INFO | httpx | HTTP Request: GET http://localhost:8001/.well-known/agent.json "HTTP/1.1 200 OK"
2026-08-27 11:42:51,535 | INFO | __main__ | Agente 'simplificador' listo en http://localhost:8001
2026-08-27 11:42:51,801 | INFO | httpx | HTTP Request: GET http://localhost:8002/.well-known/agent.json "HTTP/1.1 200 OK"
2026-08-27 11:42:51,802 | INFO | __main__ | Agente 'critico' listo en http://localhost:8002
2026-08-27 11:42:52,075 | INFO | httpx | HTTP Request: GET http://localhost:8003/.well-known/agent.json "HTTP/1.1 200 OK"
2026-08-27 11:42:52,076 | INFO | __main__ | Agente 'supervisor' listo en http://localhost:8003
2026-08-27 11:42:52,342 | INFO | httpx | HTTP Request: GET http://localhost:8004/.well-known/agent.json "HTTP/1.1 200 OK"
2026-08-27 11:42:52,343 | INFO | __main__ | Agente 'definicion' listo en http://localhost:8004
2026-08-27 11:42:52,610 | INFO | httpx | HTTP Request: GET http://localhost:8005/.well-known/agent.json "HTTP/1.1 200 OK"
2026-08-27 11:42:52,611 | INFO | __main__ | Agente 'simplificador_oraciones' listo en http://localhost:8005
2026-08-27 11:42:52,874 | INFO | httpx | HTTP Request: GET http://localhost:8006/.well-known/agent.json "HTTP/1.1 200 OK"
2026-08-27 11:42:52,875 | INFO | __main__ | Agente 'simplificador_estructural' listo en http://localhost:8006
2026-08-27 11:42:53,140 | INFO | httpx | HTTP Request: GET http://localhost:8007/.well-known/agent.json "HTTP/1.1 200 OK"
2026-08-27 11:42:53,141 | INFO | __main__ | Agente 'simplificador_lexico' listo en http://localhost:8007
2026-08-27 11:42:53,413 | INFO | httpx | HTTP Request: GET http://localhost:8008/.well-known/agent.json "HTTP/1.1 200 OK"
2026-08-27 11:42:53,414 | INFO | __main__ | Agente 'critico_oraciones' listo en http://localhost:8008
2026-08-27 11:42:53,687 | INFO | httpx | HTTP Request: GET http://localhost:8009/.well-known/agent.json "HTTP/1.1 200 OK"
2026-08-27 11:42:53,688 | INFO | __main__ | Agente 'critico_estructural' listo en http://localhost:8009
2026-08-27 11:42:53,956 | INFO | httpx | HTTP Request: GET http://localhost:8010/.well-known/agent.json "HTTP/1.1 200 OK"
2026-08-27 11:42:53,957 | INFO | __main__ | Agente 'critico_lexico' listo en http://localhost:8010
2026-08-27 11:42:53,960 | INFO | __main__ | Todos los agentes están listos. API escuchando en http://localhost:8000
2026-08-27 11:43:10,708 | INFO | __main__ | Apagando agentes...
2026-08-27 11:47:05,343 | INFO | __main__ | Agente lanzado: Agentes.simplificador_agente:app en puerto 8001 (pid 18676)
2026-08-27 11:47:05,355 | INFO | __main__ | Agente lanzado: Agentes.critico_agente:app en puerto 8002 (pid 14448)
2026-08-27 11:47:05,366 | INFO | __main__ | Agente lanzado: Agentes.supervisor_agente:app en puerto 8003 (pid 4500)
2026-08-27 11:47:05,378 | INFO | __main__ | Agente lanzado: Agentes.definicion_agente:app en puerto 8004 (pid 19352)
2026-08-27 11:47:05,389 | INFO | __main__ | Agente lanzado: Agentes.agentes_simplificacion.simplificador_sintactico:app en puerto 8005 (pid 7364)
2026-08-27 11:47:05,402 | INFO | __main__ | Agente lanzado: Agentes.agentes_simplificacion.simplificador_estructural:app en puerto 8006 (pid 4972)
2026-08-27 11:47:05,413 | INFO | __main__ | Agente lanzado: Agentes.agentes_simplificacion.simplificador_lexico:app en puerto 8007 (pid 14052)
2026-08-27 11:47:05,425 | INFO | __main__ | Agente lanzado: Agentes.agentes_critico.critico_sintactico:app en puerto 8008 (pid 12260)
2026-08-27 11:47:05,435 | INFO | __main__ | Agente lanzado: Agentes.agentes_critico.critico_estructural:app en puerto 8009 (pid 10396)
2026-08-27 11:47:05,445 | INFO | __main__ | Agente lanzado: Agentes.agentes_critico.critico_lexico:app en puerto 8010 (pid 5156)
2026-08-27 11:47:05,446 | INFO | __main__ | Esperando a que los agentes arranquen...
2026-08-27 11:47:09,508 | INFO | httpx | HTTP Request: GET http://localhost:8001/.well-known/agent.json "HTTP/1.1 200 OK"
2026-08-27 11:47:09,509 | INFO | __main__ | Agente 'simplificador' listo en http://localhost:8001
2026-08-27 11:47:09,772 | INFO | httpx | HTTP Request: GET http://localhost:8002/.well-known/agent.json "HTTP/1.1 200 OK"
2026-08-27 11:47:09,773 | INFO | __main__ | Agente 'critico' listo en http://localhost:8002
2026-08-27 11:47:10,042 | INFO | httpx | HTTP Request: GET http://localhost:8003/.well-known/agent.json "HTTP/1.1 200 OK"
2026-08-27 11:47:10,043 | INFO | __main__ | Agente 'supervisor' listo en http://localhost:8003
2026-08-27 11:47:10,309 | INFO | httpx | HTTP Request: GET http://localhost:8004/.well-known/agent.json "HTTP/1.1 200 OK"
2026-08-27 11:47:10,310 | INFO | __main__ | Agente 'definicion' listo en http://localhost:8004
2026-08-27 11:47:10,572 | INFO | httpx | HTTP Request: GET http://localhost:8005/.well-known/agent.json "HTTP/1.1 200 OK"
2026-08-27 11:47:10,573 | INFO | __main__ | Agente 'simplificador_oraciones' listo en http://localhost:8005
2026-08-27 11:47:10,839 | INFO | httpx | HTTP Request: GET http://localhost:8006/.well-known/agent.json "HTTP/1.1 200 OK"
2026-08-27 11:47:10,840 | INFO | __main__ | Agente 'simplificador_estructural' listo en http://localhost:8006
2026-08-27 11:47:11,105 | INFO | httpx | HTTP Request: GET http://localhost:8007/.well-known/agent.json "HTTP/1.1 200 OK"
2026-08-27 11:47:11,106 | INFO | __main__ | Agente 'simplificador_lexico' listo en http://localhost:8007
2026-08-27 11:47:11,373 | INFO | httpx | HTTP Request: GET http://localhost:8008/.well-known/agent.json "HTTP/1.1 200 OK"
2026-08-27 11:47:11,374 | INFO | __main__ | Agente 'critico_oraciones' listo en http://localhost:8008
2026-08-27 11:47:11,641 | INFO | httpx | HTTP Request: GET http://localhost:8009/.well-known/agent.json "HTTP/1.1 200 OK"
2026-08-27 11:47:11,643 | INFO | __main__ | Agente 'critico_estructural' listo en http://localhost:8009
2026-08-27 11:47:11,908 | INFO | httpx | HTTP Request: GET http://localhost:8010/.well-known/agent.json "HTTP/1.1 200 OK"
2026-08-27 11:47:11,910 | INFO | __main__ | Agente 'critico_lexico' listo en http://localhost:8010
2026-08-27 11:47:11,912 | INFO | __main__ | Todos los agentes están listos. API escuchando en http://localhost:8000
2026-08-27 11:49:35,973 | INFO | httpx | HTTP Request: POST http://localhost:8003/tasks/send "HTTP/1.1 200 OK"
2026-08-27 11:49:35,977 | ERROR | __main__ | Error en la tarea: El agente http://localhost:8001 falló: Error code: 413 - {'error': {'message': 'Request too large for model `qwen/qwen3.8-27b` in organization `org_01m0wdy83meydahz1tg5hrhdte` service tier `on_demand` on tokens per minute (TPM): Limit 8000, Requested 8850, please reduce your message size and try again. Need more tokens? Upgrade to Dev Tier today at https://console.groq.com/settings/billing', 'type': 'tokens', 'code': 'rate_limit_exceeded'}}
2026-08-27 11:51:38,967 | INFO | __main__ | Apagando agentes...
2026-08-27 12:00:00,372 | INFO | __main__ | Agente lanzado: Agentes.simplificador_agente:app en puerto 8001 (pid 11824)
2026-08-27 12:00:00,379 | INFO | __main__ | Agente lanzado: Agentes.critico_agente:app en puerto 8002 (pid 4560)
2026-08-27 12:00:00,391 | INFO | __main__ | Agente lanzado: Agentes.supervisor_agente:app en puerto 8003 (pid 2664)
2026-08-27 12:00:00,400 | INFO | __main__ | Agente lanzado: Agentes.definicion_agente:app en puerto 8004 (pid 15044)
2026-08-27 12:00:00,411 | INFO | __main__ | Agente lanzado: Agentes.agentes_simplificacion.simplificador_sintactico:app en puerto 8005 (pid 3144)
2026-08-27 12:00:00,422 | INFO | __main__ | Agente lanzado: Agentes.agentes_simplificacion.simplificador_estructural:app en puerto 8006 (pid 18772)
2026-08-27 12:00:00,434 | INFO | __main__ | Agente lanzado: Agentes.agentes_simplificacion.simplificador_lexico:app en puerto 8007 (pid 21492)
2026-08-27 12:00:00,444 | INFO | __main__ | Agente lanzado: Agentes.agentes_critico.critico_sintactico:app en puerto 8008 (pid 11560)
2026-08-27 12:00:00,456 | INFO | __main__ | Agente lanzado: Agentes.agentes_critico.critico_estructural:app en puerto 8009 (pid 21968)
2026-08-27 12:00:00,466 | INFO | __main__ | Agente lanzado: Agentes.agentes_critico.critico_lexico:app en puerto 8010 (pid 7136)
2026-08-27 12:00:00,466 | INFO | __main__ | Esperando a que los agentes arranquen...
2026-08-27 12:00:04,526 | INFO | httpx | HTTP Request: GET http://localhost:8001/.well-known/agent.json "HTTP/1.1 200 OK"
2026-08-27 12:00:04,527 | INFO | __main__ | Agente 'simplificador' listo en http://localhost:8001
2026-08-27 12:00:04,790 | INFO | httpx | HTTP Request: GET http://localhost:8002/.well-known/agent.json "HTTP/1.1 200 OK"
2026-08-27 12:00:04,791 | INFO | __main__ | Agente 'critico' listo en http://localhost:8002
2026-08-27 12:00:05,054 | INFO | httpx | HTTP Request: GET http://localhost:8003/.well-known/agent.json "HTTP/1.1 200 OK"
2026-08-27 12:00:05,055 | INFO | __main__ | Agente 'supervisor' listo en http://localhost:8003
2026-08-27 12:00:05,318 | INFO | httpx | HTTP Request: GET http://localhost:8004/.well-known/agent.json "HTTP/1.1 200 OK"
2026-08-27 12:00:05,319 | INFO | __main__ | Agente 'definicion' listo en http://localhost:8004
2026-08-27 12:00:05,585 | INFO | httpx | HTTP Request: GET http://localhost:8005/.well-known/agent.json "HTTP/1.1 200 OK"
2026-08-27 12:00:05,587 | INFO | __main__ | Agente 'simplificador_oraciones' listo en http://localhost:8005
2026-08-27 12:00:05,851 | INFO | httpx | HTTP Request: GET http://localhost:8006/.well-known/agent.json "HTTP/1.1 200 OK"
2026-08-27 12:00:05,852 | INFO | __main__ | Agente 'simplificador_estructural' listo en http://localhost:8006
2026-08-27 12:00:06,118 | INFO | httpx | HTTP Request: GET http://localhost:8007/.well-known/agent.json "HTTP/1.1 200 OK"
2026-08-27 12:00:06,119 | INFO | __main__ | Agente 'simplificador_lexico' listo en http://localhost:8007
2026-08-27 12:00:06,384 | INFO | httpx | HTTP Request: GET http://localhost:8008/.well-known/agent.json "HTTP/1.1 200 OK"
2026-08-27 12:00:06,385 | INFO | __main__ | Agente 'critico_oraciones' listo en http://localhost:8008
2026-08-27 12:00:06,651 | INFO | httpx | HTTP Request: GET http://localhost:8009/.well-known/agent.json "HTTP/1.1 200 OK"
2026-08-27 12:00:06,652 | INFO | __main__ | Agente 'critico_estructural' listo en http://localhost:8009
2026-08-27 12:00:06,920 | INFO | httpx | HTTP Request: GET http://localhost:8010/.well-known/agent.json "HTTP/1.1 200 OK"
2026-08-27 12:00:06,939 | INFO | __main__ | Agente 'critico_lexico' listo en http://localhost:8010
2026-08-27 12:00:06,942 | INFO | __main__ | Todos los agentes están listos. API escuchando en http://localhost:8000
2026-08-27 12:03:37,501 | INFO | httpx | HTTP Request: POST http://localhost:8003/tasks/send "HTTP/1.1 200 OK"
2026-08-27 12:03:37,504 | ERROR | __main__ | Error en la tarea: El agente http://localhost:8001 falló: Error code: 413 - {'error': {'message': 'Request too large for model `qwen/qwen3.8-27b` in organization `org_01m0wdy83meydahz1tg5hrhdte` service tier `on_demand` on tokens per minute (TPM): Limit 8000, Requested 8522, please reduce your message size and try again. Need more tokens? Upgrade to Dev Tier today at https://console.groq.com/settings/billing', 'type': 'tokens', 'code': 'rate_limit_exceeded'}}
2026-08-27 12:03:49,631 | INFO | httpx | HTTP Request: POST http://localhost:8003/tasks/send "HTTP/1.1 200 OK"
2026-08-27 12:03:49,633 | ERROR | __main__ | Error en la tarea: El agente http://localhost:8002 falló: No se ha podido obtener ningún informe crítico.
2026-08-27 12:03:49,658 | INFO | __main__ | Apagando agentes...
2026-08-27 12:16:53,098 | INFO | __main__ | Agente lanzado: Agentes.simplificador_agente:app en puerto 8001 (pid 11092)
2026-08-27 12:16:53,108 | INFO | __main__ | Agente lanzado: Agentes.critico_agente:app en puerto 8002 (pid 9712)
2026-08-27 12:16:53,120 | INFO | __main__ | Agente lanzado: Agentes.supervisor_agente:app en puerto 8003 (pid 4020)
2026-08-27 12:16:53,131 | INFO | __main__ | Agente lanzado: Agentes.definicion_agente:app en puerto 8004 (pid 8888)
2026-08-27 12:16:53,142 | INFO | __main__ | Agente lanzado: Agentes.agentes_simplificacion.simplificador_sintactico:app en puerto 8005 (pid 6876)
2026-08-27 12:16:53,154 | INFO | __main__ | Agente lanzado: Agentes.agentes_simplificacion.simplificador_estructural:app en puerto 8006 (pid 22368)
2026-08-27 12:16:53,165 | INFO | __main__ | Agente lanzado: Agentes.agentes_simplificacion.simplificador_lexico:app en puerto 8007 (pid 3652)
2026-08-27 12:16:53,177 | INFO | __main__ | Agente lanzado: Agentes.agentes_critico.critico_sintactico:app en puerto 8008 (pid 13456)
2026-08-27 12:16:53,188 | INFO | __main__ | Agente lanzado: Agentes.agentes_critico.critico_estructural:app en puerto 8009 (pid 21540)
2026-08-27 12:16:53,198 | INFO | __main__ | Agente lanzado: Agentes.agentes_critico.critico_lexico:app en puerto 8010 (pid 15936)
2026-08-27 12:16:53,199 | INFO | __main__ | Esperando a que los agentes arranquen...
2026-08-27 12:16:57,201 | INFO | httpx | HTTP Request: GET http://localhost:8001/.well-known/agent.json "HTTP/1.1 200 OK"
2026-08-27 12:16:57,202 | INFO | __main__ | Agente 'simplificador' listo en http://localhost:8001
2026-08-27 12:16:57,467 | INFO | httpx | HTTP Request: GET http://localhost:8002/.well-known/agent.json "HTTP/1.1 200 OK"
2026-08-27 12:16:57,468 | INFO | __main__ | Agente 'critico' listo en http://localhost:8002
2026-08-27 12:16:57,731 | INFO | httpx | HTTP Request: GET http://localhost:8003/.well-known/agent.json "HTTP/1.1 200 OK"
2026-08-27 12:16:57,731 | INFO | __main__ | Agente 'supervisor' listo en http://localhost:8003
2026-08-27 12:16:57,990 | INFO | httpx | HTTP Request: GET http://localhost:8004/.well-known/agent.json "HTTP/1.1 200 OK"
2026-08-27 12:16:57,992 | INFO | __main__ | Agente 'definicion' listo en http://localhost:8004
2026-08-27 12:16:58,256 | INFO | httpx | HTTP Request: GET http://localhost:8005/.well-known/agent.json "HTTP/1.1 200 OK"
2026-08-27 12:16:58,257 | INFO | __main__ | Agente 'simplificador_oraciones' listo en http://localhost:8005
2026-08-27 12:16:58,522 | INFO | httpx | HTTP Request: GET http://localhost:8006/.well-known/agent.json "HTTP/1.1 200 OK"
2026-08-27 12:16:58,522 | INFO | __main__ | Agente 'simplificador_estructural' listo en http://localhost:8006
2026-08-27 12:16:58,793 | INFO | httpx | HTTP Request: GET http://localhost:8007/.well-known/agent.json "HTTP/1.1 200 OK"
2026-08-27 12:16:58,795 | INFO | __main__ | Agente 'simplificador_lexico' listo en http://localhost:8007
2026-08-27 12:16:59,059 | INFO | httpx | HTTP Request: GET http://localhost:8008/.well-known/agent.json "HTTP/1.1 200 OK"
2026-08-27 12:16:59,060 | INFO | __main__ | Agente 'critico_oraciones' listo en http://localhost:8008
2026-08-27 12:16:59,327 | INFO | httpx | HTTP Request: GET http://localhost:8009/.well-known/agent.json "HTTP/1.1 200 OK"
2026-08-27 12:16:59,328 | INFO | __main__ | Agente 'critico_estructural' listo en http://localhost:8009
2026-08-27 12:16:59,597 | INFO | httpx | HTTP Request: GET http://localhost:8010/.well-known/agent.json "HTTP/1.1 200 OK"
2026-08-27 12:16:59,598 | INFO | __main__ | Agente 'critico_lexico' listo en http://localhost:8010
2026-08-27 12:16:59,600 | INFO | __main__ | Todos los agentes están listos. API escuchando en http://localhost:8000
2026-08-27 12:26:09,516 | INFO | httpx | HTTP Request: POST http://localhost:8003/tasks/send "HTTP/1.1 200 OK"
2026-08-27 12:26:09,518 | ERROR | __main__ | Error en la tarea: El agente http://localhost:8001 falló: 'simplificador_oraciones'
2026-08-27 12:27:27,344 | INFO | httpx | HTTP Request: POST http://localhost:8003/tasks/send "HTTP/1.1 200 OK"
2026-08-27 12:27:27,346 | ERROR | __main__ | Error en la tarea: All connection attempts failed
2026-08-27 12:27:27,453 | INFO | __main__ | Apagando agentes...
2026-08-27 12:30:41,963 | INFO | __main__ | Agente lanzado: Agentes.simplificador_agente:app en puerto 8001 (pid 5464)
2026-08-27 12:30:41,974 | INFO | __main__ | Agente lanzado: Agentes.critico_agente:app en puerto 8002 (pid 17892)
2026-08-27 12:30:41,985 | INFO | __main__ | Agente lanzado: Agentes.supervisor_agente:app en puerto 8003 (pid 6212)
2026-08-27 12:30:41,996 | INFO | __main__ | Agente lanzado: Agentes.definicion_agente:app en puerto 8004 (pid 13600)
2026-08-27 12:30:42,007 | INFO | __main__ | Agente lanzado: Agentes.agentes_simplificacion.simplificador_sintactico:app en puerto 8005 (pid 5760)
2026-08-27 12:30:42,015 | INFO | __main__ | Agente lanzado: Agentes.agentes_simplificacion.simplificador_estructural:app en puerto 8006 (pid 11320)
2026-08-27 12:30:42,025 | INFO | __main__ | Agente lanzado: Agentes.agentes_simplificacion.simplificador_lexico:app en puerto 8007 (pid 6196)
2026-08-27 12:30:42,035 | INFO | __main__ | Agente lanzado: Agentes.agentes_critico.critico_sintactico:app en puerto 8008 (pid 19440)
2026-08-27 12:30:42,043 | INFO | __main__ | Agente lanzado: Agentes.agentes_critico.critico_estructural:app en puerto 8009 (pid 17472)
2026-08-27 12:30:42,053 | INFO | __main__ | Agente lanzado: Agentes.agentes_critico.critico_lexico:app en puerto 8010 (pid 6444)
2026-08-27 12:30:42,053 | INFO | __main__ | Esperando a que los agentes arranquen...
2026-08-27 12:30:46,237 | INFO | httpx | HTTP Request: GET http://localhost:8001/.well-known/agent.json "HTTP/1.1 200 OK"
2026-08-27 12:30:46,238 | INFO | __main__ | Agente 'simplificador' listo en http://localhost:8001
2026-08-27 12:30:46,503 | INFO | httpx | HTTP Request: GET http://localhost:8002/.well-known/agent.json "HTTP/1.1 200 OK"
2026-08-27 12:30:46,504 | INFO | __main__ | Agente 'critico' listo en http://localhost:8002
2026-08-27 12:30:46,771 | INFO | httpx | HTTP Request: GET http://localhost:8003/.well-known/agent.json "HTTP/1.1 200 OK"
2026-08-27 12:30:46,772 | INFO | __main__ | Agente 'supervisor' listo en http://localhost:8003
2026-08-27 12:30:47,035 | INFO | httpx | HTTP Request: GET http://localhost:8004/.well-known/agent.json "HTTP/1.1 200 OK"
2026-08-27 12:30:47,036 | INFO | __main__ | Agente 'definicion' listo en http://localhost:8004
2026-08-27 12:30:47,303 | INFO | httpx | HTTP Request: GET http://localhost:8005/.well-known/agent.json "HTTP/1.1 200 OK"
2026-08-27 12:30:47,304 | INFO | __main__ | Agente 'simplificador_oraciones' listo en http://localhost:8005
2026-08-27 12:30:47,571 | INFO | httpx | HTTP Request: GET http://localhost:8006/.well-known/agent.json "HTTP/1.1 200 OK"
2026-08-27 12:30:47,572 | INFO | __main__ | Agente 'simplificador_estructural' listo en http://localhost:8006
2026-08-27 12:30:47,837 | INFO | httpx | HTTP Request: GET http://localhost:8007/.well-known/agent.json "HTTP/1.1 200 OK"
2026-08-27 12:30:47,838 | INFO | __main__ | Agente 'simplificador_lexico' listo en http://localhost:8007
2026-08-27 12:30:48,104 | INFO | httpx | HTTP Request: GET http://localhost:8008/.well-known/agent.json "HTTP/1.1 200 OK"
2026-08-27 12:30:48,105 | INFO | __main__ | Agente 'critico_oraciones' listo en http://localhost:8008
2026-08-27 12:30:48,369 | INFO | httpx | HTTP Request: GET http://localhost:8009/.well-known/agent.json "HTTP/1.1 200 OK"
2026-08-27 12:30:48,371 | INFO | __main__ | Agente 'critico_estructural' listo en http://localhost:8009
2026-08-27 12:30:48,637 | INFO | httpx | HTTP Request: GET http://localhost:8010/.well-known/agent.json "HTTP/1.1 200 OK"
2026-08-27 12:30:48,638 | INFO | __main__ | Agente 'critico_lexico' listo en http://localhost:8010
2026-08-27 12:30:48,641 | INFO | __main__ | Todos los agentes están listos. API escuchando en http://localhost:8000
2026-08-27 12:39:53,027 | INFO | httpx | HTTP Request: POST http://localhost:8003/tasks/send "HTTP/1.1 200 OK"
2026-08-27 12:39:53,031 | ERROR | __main__ | Error en la tarea: El agente http://localhost:8001 falló: Error code: 400 - {'error': {'message': "Failed to call a function. Please adjust your prompt. See 'failed_generation' for more details.", 'type': 'invalid_request_error', 'code': 'tool_use_failed', 'failed_generation': '<tool_call>\n<function=simplificador_oraciones>\n<parameter=texto>\nAlicante, 10 de febrero de 2023. El Sábado Ramblero será el 18 de febrero. Será el acto principal del Carnaval de Alicante. Este Carnaval es el que tiene más gente de la Comunidad Valenciana. Así lo ha dicho Manuel Jiménez, el concejal de Fiestas.\n\nManuel Jiménez ha dicho: “En 2020, antes de la pandemia, el Sábado Ramblero ya era muy importante. Este año será aún mejor. Tenemos ganas de disfrutar y pasarlo bien después de 3 años sin celebrarlo”.\n\nEl Sábado Ramblero empezará el sábado 18 de febrero a las 5 de la tarde. Terminará el domingo 19 de febrero a las 4 de la madrugada.\n\nHabrá una parte para niños. Habrá talleres para pintar la cara, hacer disfraces y máscaras. Habrá una zona para hacer fotos en familia. También habrá un espectáculo infantil llamado “Marcha Pirata”. Esta parte terminará a las 8 de la noche.\n\nA las 10 de la noche empezará la parte para adultos. Durará hasta las 4 de la madrugada. Habrá 2 escenarios en la Rambla de Méndez Núñez. Uno estará frente al Banco de España. El otro estará junto al Portal de Elche.\n\nEn el escenario del Banco de España sonarán Pakito DJ, Adri Grajams e Iván. Adri Grajams es un nombre artístico. En el escenario del Portal de Elche tocará “La Mundial Orquesta Show”.\n\nLas barras de bebida estarán organizadas por la Asociación de Locales de Restauración y Ocio de Alicante. A esta asociación la llamamos ALROA. ALROA es la Asociación de Locales de Restauración y Ocio de Alicante. Parte del dinero que se recaude se dará a Apsa. Apsa es la Asociación Española contra el Cáncer. También se dará dinero a la Fundación “Jorge Talavera”.\n\nLa Plaza del Carmen, en el centro antiguo de la ciudad, será el lugar principal de los actos. A este grupo de actos lo llamamos Mesa de Carnaval. A la Mesa de Carnaval también la llaman "La Meka".\n\nEl jueves 16 de febrero habrá un concierto. Empezará a las 9 de la noche y terminará a las 2 y 30 de la madrugada.\n\nEl viernes 17 de febrero, en la misma plaza, habrá el Pregón. El Pregón es un discurso que da inicio a las fiestas. Empezará a las 9 de la noche. Después del Pregón, habrá otro concierto hasta las 4 de la madrugada.\n\nEl sábado 18 de febrero, los niños serán los protagonistas en el Carnaval de la Mesa. Habrá un desfile. Saldrá de la avenida de Jaime II, frente al Parque de Bomberos. Terminará en la Plaza del Carmen a las 6 de la tarde. Allí habrá teatro para los niños hasta las 10 de la noche.\n\nEl 22 de febrero, que es el Miércoles de Ceniza, los actos se moverán al Panteón de Quijano. El Panteón de Quijano es un edificio histórico de Alicante. A las 8 de la noche se hará el Velatorio de la Sardina. El Velatorio de la Sardina es una ceremonia para despedir la sardina antes de quemarla.\n\nDespués, a las 9 de la noche, empezará el Desfile de la Sardina. Irá hacia la Plaza del Carmen. Allí se quemará la sardina. Después habrá un concierto de Carnaval.\n\nEl domingo 26 de febrero habrá juegos populares en la Plaza de Castellón. A esta plaza también la llaman Les Palmeretes. Estos juegos serán el final de las celebraciones del Carnaval 2023 en Alicante.\n\n=== INFORME DEL CRÍTICO SINTÁCTICO ===\n{\n  "especialidad": "sintactico",\n  "estado": "necesita_simplificacion",\n  "problemas": [\n    {"elemento": "Así lo ha dicho Manuel Jiménez, el concejal de Fiestas.", "pauta_id": "G48"},\n    {"elemento": "Manuel Jiménez ha dicho: “En 2020, antes de la pandemia, el Sábado Ramblero ya era muy importante.", "pauta_id": "G48"},\n    {"elemento": "Tenemos ganas de disfrutar y pasarlo bien después de 3 años sin celebrarlo”.", "pauta_id": "G48"},\n    {"elemento": "Habrá una parte para niños.", "pauta_id": "G52"},\n    {"elemento": "Habrá talleres para pintar la cara, hacer disfraces y máscaras.", "pauta_id": "G52"},\n    {"elemento": "Habrá una zona para hacer fotos en familia.", "pauta_id": "G52"},\n    {"elemento": "También habrá un espectáculo infantil llamado “Marcha Pirata”.", "pauta_id": "G52"},\n    {"elemento": "A las 10 de la noche empezará la parte para adultos.", "pauta_id": "G52"},\n    {"elemento": "Habrá 2 escenarios en la Rambla de Méndez Núñez.", "pauta_id": "G52"},\n    {"elemento": "Uno estará frente al Banco de España.", "pauta_id": "G52"},\n    {"elemento": "El otro estará junto al Portal de Elche.", "pauta_id": "G52"},\n    {"elemento": "En el escenario del Banco de España sonarán Pakito DJ, Adri Grajams e Iván.", "pauta_id": "G52"},\n    {"elemento": "En el escenario del Portal de Elche tocará “La Mundial Orquesta Show”.", "pauta_id": "G52"},\n    {"elemento": "Las barras de bebida estarán organizadas por la Asociación de Locales de Restauración y Ocio de Alicante.", "pauta_id": "G32"},\n    {"elemento": "Las barras de bebida estarán organizadas por la Asociación de Locales de Restauración y Ocio de Alicante.", "pauta_id": "G52"},\n    {"elemento": "Parte del dinero que se recaude se dará a Apsa.", "pauta_id": "G32"},\n    {"elemento": "Parte del dinero que se recaude se dará a Apsa.", "pauta_id": "G47"},\n    {"elemento": "También se dará dinero a la Fundación “Jorge Talavera”.", "pauta_id": "G32"},\n    {"elemento": "La Plaza del Carmen, en el centro antiguo de la ciudad, será el lugar principal de los actos.", "pauta_id": "G37"},\n    {"elemento": "La Plaza del Carmen, en el centro antiguo de la ciudad, será el lugar principal de los actos.", "pauta_id": "G52"},\n    {"elemento": "El jueves 16 de febrero habrá un concierto.", "pauta_id": "G52"},\n    {"elemento": "El viernes 17 de febrero, en la misma plaza, habrá el Pregón.", "pauta_id": "G37"},\n    {"elemento": "El viernes 17 de febrero, en la misma plaza, habrá el Pregón.", "pauta_id": "G52"},\n    {"elemento": "Después del Pregón, habrá otro concierto hasta las 4 de la madrugada.", "pauta_id": "G52"},\n    {"elemento": "El sábado 18 de febrero, los niños serán los protagonistas en el Carnaval de la Mesa.", "pauta_id": "G52"},\n    {"elemento": "Habrá un desfile.", "pauta_id": "G52"},\n    {"elemento": "Allí habrá teatro para los niños hasta las 10 de la noche.", "pauta_id": "G52"},\n    {"elemento": "El 22 de febrero, que es el Miércoles de Ceniza, los actos se moverán al Panteón de Quijano.", "pauta_id": "G37"},\n    {"elemento": "El 22 de febrero, que es el Miércoles de Ceniza, los actos se moverán al Panteón de Quijano.", "pauta_id": "G52"},\n    {"elemento": "A las 8 de la noche se hará el Velatorio de la Sardina.", "pauta_id": "G32"},\n    {"elemento": "A las 8 de la noche se hará el Velatorio de la Sardina.", "pauta_id": "G52"},\n    {"elemento": "Allí se quemará la sardina.", "pauta_id": "G32"},\n    {"elemento": "Allí se quemará la sardina.", "pauta_id": "G52"},\n    {"elemento": "Después habrá un concierto de Carnaval.", "pauta_id": "G52"},\n    {"elemento": "El domingo 26 de febrero habrá juegos populares en la Plaza de Castellón.", "pauta_id": "G52"},\n    {"elemento": "'}}
2026-08-27 12:47:21,536 | INFO | httpx | HTTP Request: POST http://localhost:8003/tasks/send "HTTP/1.1 200 OK"
2026-08-27 12:47:21,541 | ERROR | __main__ | Error en la tarea: All connection attempts failed
2026-08-27 12:47:21,628 | INFO | __main__ | Apagando agentes...
2026-08-27 12:56:37,562 | INFO | __main__ | Agente lanzado: Agentes.simplificador_agente:app en puerto 8001 (pid 11784)
2026-08-27 12:56:37,572 | INFO | __main__ | Agente lanzado: Agentes.critico_agente:app en puerto 8002 (pid 8764)
2026-08-27 12:56:37,583 | INFO | __main__ | Agente lanzado: Agentes.supervisor_agente:app en puerto 8003 (pid 22164)
2026-08-27 12:56:37,594 | INFO | __main__ | Agente lanzado: Agentes.definicion_agente:app en puerto 8004 (pid 1920)
2026-08-27 12:56:37,607 | INFO | __main__ | Agente lanzado: Agentes.agentes_simplificacion.simplificador_sintactico:app en puerto 8005 (pid 2344)
2026-08-27 12:56:37,620 | INFO | __main__ | Agente lanzado: Agentes.agentes_simplificacion.simplificador_estructural:app en puerto 8006 (pid 20564)
2026-08-27 12:56:37,634 | INFO | __main__ | Agente lanzado: Agentes.agentes_simplificacion.simplificador_lexico:app en puerto 8007 (pid 15120)
2026-08-27 12:56:37,644 | INFO | __main__ | Agente lanzado: Agentes.agentes_critico.critico_sintactico:app en puerto 8008 (pid 8072)
2026-08-27 12:56:37,659 | INFO | __main__ | Agente lanzado: Agentes.agentes_critico.critico_estructural:app en puerto 8009 (pid 19124)
2026-08-27 12:56:37,670 | INFO | __main__ | Agente lanzado: Agentes.agentes_critico.critico_lexico:app en puerto 8010 (pid 7900)
2026-08-27 12:56:37,671 | INFO | __main__ | Esperando a que los agentes arranquen...
2026-08-27 12:56:41,801 | INFO | httpx | HTTP Request: GET http://localhost:8001/.well-known/agent.json "HTTP/1.1 200 OK"
2026-08-27 12:56:41,802 | INFO | __main__ | Agente 'simplificador' listo en http://localhost:8001
2026-08-27 12:56:42,065 | INFO | httpx | HTTP Request: GET http://localhost:8002/.well-known/agent.json "HTTP/1.1 200 OK"
2026-08-27 12:56:42,067 | INFO | __main__ | Agente 'critico' listo en http://localhost:8002
2026-08-27 12:56:42,330 | INFO | httpx | HTTP Request: GET http://localhost:8003/.well-known/agent.json "HTTP/1.1 200 OK"
2026-08-27 12:56:42,331 | INFO | __main__ | Agente 'supervisor' listo en http://localhost:8003
2026-08-27 12:56:42,590 | INFO | httpx | HTTP Request: GET http://localhost:8004/.well-known/agent.json "HTTP/1.1 200 OK"
2026-08-27 12:56:42,591 | INFO | __main__ | Agente 'definicion' listo en http://localhost:8004
2026-08-27 12:56:42,856 | INFO | httpx | HTTP Request: GET http://localhost:8005/.well-known/agent.json "HTTP/1.1 200 OK"
2026-08-27 12:56:42,857 | INFO | __main__ | Agente 'simplificador_oraciones' listo en http://localhost:8005
2026-08-27 12:56:43,125 | INFO | httpx | HTTP Request: GET http://localhost:8006/.well-known/agent.json "HTTP/1.1 200 OK"
2026-08-27 12:56:43,126 | INFO | __main__ | Agente 'simplificador_estructural' listo en http://localhost:8006
2026-08-27 12:56:43,392 | INFO | httpx | HTTP Request: GET http://localhost:8007/.well-known/agent.json "HTTP/1.1 200 OK"
2026-08-27 12:56:43,393 | INFO | __main__ | Agente 'simplificador_lexico' listo en http://localhost:8007
2026-08-27 12:56:43,661 | INFO | httpx | HTTP Request: GET http://localhost:8008/.well-known/agent.json "HTTP/1.1 200 OK"
2026-08-27 12:56:43,662 | INFO | __main__ | Agente 'critico_oraciones' listo en http://localhost:8008
2026-08-27 12:56:43,928 | INFO | httpx | HTTP Request: GET http://localhost:8009/.well-known/agent.json "HTTP/1.1 200 OK"
2026-08-27 12:56:43,929 | INFO | __main__ | Agente 'critico_estructural' listo en http://localhost:8009
2026-08-27 12:56:44,195 | INFO | httpx | HTTP Request: GET http://localhost:8010/.well-known/agent.json "HTTP/1.1 200 OK"
2026-08-27 12:56:44,196 | INFO | __main__ | Agente 'critico_lexico' listo en http://localhost:8010
2026-08-27 12:56:44,198 | INFO | __main__ | Todos los agentes están listos. API escuchando en http://localhost:8000
2026-08-27 13:00:39,040 | INFO | httpx | HTTP Request: POST http://localhost:8003/tasks/send "HTTP/1.1 200 OK"
2026-08-27 13:00:39,044 | ERROR | __main__ | Error en la tarea: El agente http://localhost:8001 falló: Error code: 400 - {'error': {'message': "Failed to call a function. Please adjust your prompt. See 'failed_generation' for more details.", 'type': 'invalid_request_error', 'code': 'tool_use_failed', 'failed_generation': 'Los tres informes detectan problemas graves y abundantes en las tres áreas: sintaxis, estructura y léxico. Debo aplicar simplificación en las tres.\n\nVoy a encadenar los agentes en este orden:\n\n1. **Simplificador sintáctico**: Divide las oraciones largas y complejas. Un texto con oraciones ya rotas será más fácil de reorganizar y de limpiar léxicamente después.\n2. **Simplificador estructural**: Reorganiza párrafos, conectores y listas sobre la base de las oraciones ya simplificadas.\n3. **Simplificador léxico**: Sustituye vocabulario complejo, explica siglas y unifica formatos de hora al final, cuando la estructura y las oraciones ya están estables.\n\nEmpiezo con el sintáctico.\n\n<tool_call>\n<function=simplificador_oraciones>\n<parameter=texto>\nAlicante, 10 de febrero de 2023. El Sábado Ramblero centrará el 18 de febrero, tres años después, los actos del Carnaval más concurrido de la Comunidad Valenciana, como ha explicado este viernes el concejal de Fiestas, Manuel Jiménez. “Si en 2020, antes que nos azotara la pandemia, el Sábado Ramblero ya se había convertido en un auténtico referente, cómo será el de este año cuando tenemos ganas de disfrutar y pasarlo bien, después de un paréntesis de tres años”, ha destacado el edil. El Sábado Ramblero discurrirá, en conjunto, desde las 17 horas del sábado 18 de febrero, a las 4 de la madrugada del domingo 19.\n\nEl Infantil incluye talleres infantiles -pintacaras, dulces personajes y antifaces de Carnaval-, un photocall familiar y una actuación infantil con el espectáculo “Marcha Pirata”. Finalizará a las 20 horas.\n\nA partir de las 22 horas, y en un franja horaria que finalizará a las 4 de la madrugada, llegará el Sábado Ramblero para los adultos. Se habilitará un doble escenario en la Rambla de Méndez Núñez. Uno de ellos, a la altura del Banco de España; el otro, colindante con el Portal de Elche. En el primero de ellos se podrá escuchar música electrónica a cargo de Pakito DJ, Adri Grajams -como se le conoce en ese ámbito- e Iván. En el del Portal de Elche se podrá escuchar a “La Mundial Orquesta Show”.\n\nLas barras solidarias estarán coordinadas por la Asociación de Locales de Restauración y Ocio de Alicante (ALROA), que destinará parte de la recaudación a Apsa, Asociación Española contra el Cáncer y a la Fundación “Jorge Talavera”.\n\nLa Mesa de Carnaval La Plaza del Carmen, en pleno Casco Antiguo, se convertirá en el epicentro de los actos organizados por la Mesa de Carnaval, conocida como "La Meka". El jueves 16 acogerá un concierto desde las 21 horas a las 2.30 de la madrugada. Al día siguiente será en este mismo lugar donde se pronuncie el Pregón, desde las 21 horas. Al finalizar, y hasta las 4 de la madrugada, está programado un nuevo concierto.\n\nLos más pequeños tendrán protagonismo el sábado 18 en el Carnaval de la Mesa. Participarán en un desfile que saldrá desde la avenida de Jaime II, a la altura del Parque de Bomberos, y finalizará en la Plaza del Carmen a las 18 horas, donde se escenificarán distintas piezas de teatro para los más pequeños hasta las diez de la noche.\n\nLa sucesión de actos se trasladará el 22 de febrero -Miércoles de Ceniza- al Panteón de Quijano. Allí, a partir de las 20 horas, se representará el Velatorio de la Sardina. A la conclusión, en torno a las 21 horas, partirá el Desfile de la Sardina hacia la Plaza del Carmen, donde se hará la “Quema de la Sardina”, antes del Concierto de Carnaval.\n\nLos juegos populares previstos para el domingo 26 en la Plaza de Castellón -conocida como Les Palmeretes- pondrán el punto final a las celebraciones del Carnaval 2023 en Alicante.\n</parameter>\n<parameter=informe>\n=== INFORME DEL CRÍTICO SINTACTICO ===\n{\n  "especialidad": "sintactico",\n  "estado": "necesita_simplificacion",\n  "problemas": [\n    {\n      "elemento": "centrará el 18 de febrero, tres años después, los actos del Carnaval más concurrido de la Comunidad Valenciana, como ha explicado este viernes el concejal de Fiestas, Manuel Jiménez.",\n      "pauta_id": "G27"\n    },\n    {\n      "elemento": "centrará el 18 de febrero, tres años después, los actos del Carnaval más concurrido de la Comunidad Valenciana, como ha explicado este viernes el concejal de Fiestas, Manuel Jiménez.",\n      "pauta_id": "G28"\n    },\n    {\n      "elemento": "como ha explicado este viernes el concejal de Fiestas, Manuel Jiménez",\n      "pauta_id": "G48"\n    },\n    {\n      "elemento": "Si en 2020, antes que nos azotara la pandemia, el Sábado Ramblero ya se había convertido en un auténtico referente, cómo será el de este año cuando tenemos ganas de disfrutar y pasarlo bien, después de un paréntesis de tres años",\n      "pauta_id": "G27"\n    },\n    {\n      "elemento": "Si en 2020, antes que nos azotara la pandemia, el Sábado Ramblero ya se había convertido en un auténtico referente, cómo será el de este año cuando tenemos ganas de disfrutar y pasarlo bien, después de un paréntesis de tres años",\n      "pauta_id": "G28"\n    },\n    {\n      "elemento": "antes que nos azotara la pandemia",\n      "pauta_id": "G47"\n    },\n    {\n      "elemento": "ya se había convertido en un auténtico referente",\n      "pauta_id": "G48"\n    },\n    {\n      "elemento": "El Sábado Ramblero discurrirá, en conjunto, desde las 17 horas del sábado 18 de febrero, a las 4 de la madrugada del domingo 19.",\n      "pauta_id": "G27"\n    },\n    {\n      "elemento": "El Infantil incluye talleres infantiles -pintacaras, dulces personajes y antifaces de Carnaval-, un photocall familiar y una actuación infantil con el espectáculo “Marcha Pirata”.",\n      "pauta_id": "G37"\n    },\n    {\n      "elemento": "Se habilitará un doble escenario en la Rambla de Méndez Núñez.",\n      "pauta_id": "G32"\n    },\n    {\n      "elemento": "Uno de ellos, a la altura del Banco de España; el otro, colindante con el Portal de Elche.",\n      "pauta_id": "G38"\n    },\n    {\n      "elemento": "En el primero de ellos se podrá escuchar música electrónica a cargo de Pakito DJ, Adri Grajams -como se le conoce en ese ámbito- e Iván.",\n      "pauta_id": "G37"\n    },\n    {\n      "elemento": "En el del Portal de Elche se podrá escuchar a “La Mundial Orquesta Show”.",\n      "pauta_id": "G32"\n    },\n    {\n      "elemento": "Las barras solidarias estarán coordinadas por la Asociación de Locales de Restauración y Ocio de Alicante (ALROA), que destinará parte de la recaudación a Apsa, Asociación Española contra el Cáncer y a la Fundación “Jorge Talavera”.",\n      "pauta_id": "G27"\n    },\n    {\n      "elemento": "Las barras solidarias estarán coordinadas por la Asociación de Locales de Restauración y Ocio de Alicante (ALROA), que destinará parte de la recaudación a Apsa, Asociación Española contra el Cáncer y a la Fundación “Jorge Talavera”.",\n      "pauta_id": "G32"\n    },\n    {\n      "elemento": "La Mesa de Carnaval La Plaza del Carmen, en pleno Casco Antiguo, se convertirá en el epicentro de los actos organizados por la Mesa de Carnaval, conocida como \\"La Meka\\".",\n      "pauta_id": "G27"\n    },\n    {\n      "elemento": "La Mesa de Carnaval La Plaza del Carmen, en pleno Casco Antiguo, se convertirá en el epicentro de los actos organizados por la Mesa de Carnaval, conocida como \\"La Meka\\".",\n      "pauta_id": "G37"\n    },\n    {\n      "elemento": "Al día siguiente será en este mismo lugar donde se pronuncie'}}
2026-08-27 13:03:09,992 | INFO | httpx | HTTP Request: POST http://localhost:8003/tasks/send "HTTP/1.1 200 OK"
2026-08-27 13:03:09,994 | ERROR | __main__ | Error en la tarea: All connection attempts failed
2026-08-27 13:03:10,099 | INFO | __main__ | Apagando agentes...
2026-08-27 13:06:31,554 | INFO | __main__ | Agente lanzado: Agentes.simplificador_agente:app en puerto 8001 (pid 3348)
2026-08-27 13:06:31,564 | INFO | __main__ | Agente lanzado: Agentes.critico_agente:app en puerto 8002 (pid 11768)
2026-08-27 13:06:31,576 | INFO | __main__ | Agente lanzado: Agentes.supervisor_agente:app en puerto 8003 (pid 13200)
2026-08-27 13:06:31,594 | INFO | __main__ | Agente lanzado: Agentes.definicion_agente:app en puerto 8004 (pid 11612)
2026-08-27 13:06:31,607 | INFO | __main__ | Agente lanzado: Agentes.agentes_simplificacion.simplificador_sintactico:app en puerto 8005 (pid 3904)
2026-08-27 13:06:31,618 | INFO | __main__ | Agente lanzado: Agentes.agentes_simplificacion.simplificador_estructural:app en puerto 8006 (pid 14960)
2026-08-27 13:06:31,627 | INFO | __main__ | Agente lanzado: Agentes.agentes_simplificacion.simplificador_lexico:app en puerto 8007 (pid 3476)
2026-08-27 13:06:31,640 | INFO | __main__ | Agente lanzado: Agentes.agentes_critico.critico_sintactico:app en puerto 8008 (pid 20748)
2026-08-27 13:06:31,652 | INFO | __main__ | Agente lanzado: Agentes.agentes_critico.critico_estructural:app en puerto 8009 (pid 10828)
2026-08-27 13:06:31,666 | INFO | __main__ | Agente lanzado: Agentes.agentes_critico.critico_lexico:app en puerto 8010 (pid 14144)
2026-08-27 13:06:31,667 | INFO | __main__ | Esperando a que los agentes arranquen...
2026-08-27 13:06:35,788 | INFO | httpx | HTTP Request: GET http://localhost:8001/.well-known/agent.json "HTTP/1.1 200 OK"
2026-08-27 13:06:35,789 | INFO | __main__ | Agente 'simplificador' listo en http://localhost:8001
2026-08-27 13:06:36,055 | INFO | httpx | HTTP Request: GET http://localhost:8002/.well-known/agent.json "HTTP/1.1 200 OK"
2026-08-27 13:06:36,056 | INFO | __main__ | Agente 'critico' listo en http://localhost:8002
2026-08-27 13:06:36,322 | INFO | httpx | HTTP Request: GET http://localhost:8003/.well-known/agent.json "HTTP/1.1 200 OK"
2026-08-27 13:06:36,323 | INFO | __main__ | Agente 'supervisor' listo en http://localhost:8003
2026-08-27 13:06:36,591 | INFO | httpx | HTTP Request: GET http://localhost:8004/.well-known/agent.json "HTTP/1.1 200 OK"
2026-08-27 13:06:36,592 | INFO | __main__ | Agente 'definicion' listo en http://localhost:8004
2026-08-27 13:06:36,859 | INFO | httpx | HTTP Request: GET http://localhost:8005/.well-known/agent.json "HTTP/1.1 200 OK"
2026-08-27 13:06:36,860 | INFO | __main__ | Agente 'simplificador_oraciones' listo en http://localhost:8005
2026-08-27 13:06:37,121 | INFO | httpx | HTTP Request: GET http://localhost:8006/.well-known/agent.json "HTTP/1.1 200 OK"
2026-08-27 13:06:37,122 | INFO | __main__ | Agente 'simplificador_estructural' listo en http://localhost:8006
2026-08-27 13:06:37,389 | INFO | httpx | HTTP Request: GET http://localhost:8007/.well-known/agent.json "HTTP/1.1 200 OK"
2026-08-27 13:06:37,390 | INFO | __main__ | Agente 'simplificador_lexico' listo en http://localhost:8007
2026-08-27 13:06:37,655 | INFO | httpx | HTTP Request: GET http://localhost:8008/.well-known/agent.json "HTTP/1.1 200 OK"
2026-08-27 13:06:37,656 | INFO | __main__ | Agente 'critico_oraciones' listo en http://localhost:8008
2026-08-27 13:06:37,922 | INFO | httpx | HTTP Request: GET http://localhost:8009/.well-known/agent.json "HTTP/1.1 200 OK"
2026-08-27 13:06:37,923 | INFO | __main__ | Agente 'critico_estructural' listo en http://localhost:8009
2026-08-27 13:06:38,195 | INFO | httpx | HTTP Request: GET http://localhost:8010/.well-known/agent.json "HTTP/1.1 200 OK"
2026-08-27 13:06:38,196 | INFO | __main__ | Agente 'critico_lexico' listo en http://localhost:8010
2026-08-27 13:06:38,199 | INFO | __main__ | Todos los agentes están listos. API escuchando en http://localhost:8000
2026-08-27 13:17:10,340 | INFO | httpx | HTTP Request: POST http://localhost:8003/tasks/send "HTTP/1.1 200 OK"
2026-08-27 13:17:10,342 | INFO | __main__ | Tarea Completada: id='5e587752-be15-491e-b764-c5994fc2c45e' status='completed' output='Alicante, 10 de febrero de 2023.\n\nEl Sábado Ramblero será el 18 de febrero.\nSerá 3 años después de la última edición.\nSerá el acto principal del Carnaval de la Comunidad Valenciana.\nEl concejal de Fiestas, Manuel Jiménez, lo ha explicado este viernes.\nConcejal: persona que trabaja en el ayuntamiento y ayuda a tomar decisiones sobre la ciudad.\n\nManuel Jiménez dice:\n- En 2020, antes de la pandemia, el Sábado Ramblero era muy importante.\n- Este año será mejor.\n- Tenemos ganas de disfrutar y pasarlo bien.\n- Han pasado 3 años sin Carnaval.\n\nEl Sábado Ramblero empezará a las 5 de la tarde del sábado 18 de febrero.\nTerminará a las 4 de la madrugada del domingo 19.\n\nLa parte infantil incluye:\n- Talleres de pintacaras.\n- Talleres de dulces personajes.\n- Talleres de antifaces de Carnaval.\n- Una zona para hacer fotos en familia.\n- Una actuación infantil con el espectáculo Marcha Pirata.\n\nLa parte infantil termina a las 8 de la tarde.\nA las 10 de la noche empieza la parte para adultos.\nTermina a las 4 de la madrugada.\n\nHabrá 2 escenarios en la Rambla de Méndez Núñez.\nUn escenario está a la altura del Banco de España.\nEl otro escenario está junto al Portal de Elche.\n\nEn el escenario del Banco de España sonará música electrónica.\nLos músicos son Pakito DJ, Adri Grajams e Iván.\nAdri Grajams es su nombre artístico.\n\nEn el escenario del Portal de Elche tocará La Mundial Orquesta Show.\n\nLa Asociación de Locales de Restauración y Ocio de Alicante (ALROA) organizará los puestos de comida y bebida.\nALROA es la Asociación de Locales de Restauración y Ocio de Alicante.\nALROA dará parte del dinero a Apsa.\nApsa es la Asociación de Personas con Discapacidad Intelectual de Alicante.\nTambién dará dinero a la Asociación Española contra el Cáncer.\nY dará dinero a la Fundación Jorge Talavera.\n\nLa Plaza del Carmen está en el Casco Antiguo.\nLa Mesa de Carnaval organiza los actos allí.\nA la Mesa de Carnaval la llaman La Meka.\nMeka: palabra que se usa para decir que un lugar es muy importante o el mejor.\n\nEl jueves 16 habrá un concierto.\nEl concierto será de las 9 de la noche a las 2 y 30 de la madrugada.\n\nEl viernes 17 habrá el Pregón en la Plaza del Carmen.\nPregón: discurso que da inicio a las fiestas.\nEl Pregón empezará a las 9 de la noche.\nDespués del Pregón habrá otro concierto.\nEse concierto será hasta las 4 de la madrugada.\n\nLos niños tendrán un papel importante el sábado 18.\nSerá en el Carnaval de la Mesa.\nHabrá un desfile.\nEl desfile saldrá de la avenida de Jaime II.\nEmpezará a la altura del Parque de Bomberos.\nTerminará en la Plaza del Carmen a las 6 de la tarde.\nAllí habrá teatro para los niños.\nEl teatro será hasta las 10 de la noche.\n\nEl 22 de febrero es el Miércoles de Ceniza.\nMiércoles de Ceniza: día que marca el fin de la época de Carnaval.\nLos actos se moverán al Panteón de Quijano.\nPanteón de Quijano: edificio histórico de Alicante donde se guardan los restos de personas importantes.\n\nA las 8 de la noche habrá el Velatorio de la Sardina.\nVelatorio de la Sardina: acto donde se rinde homenaje a la sardina antes de quemarla.\nA las 9 de la noche empezará el Desfile de la Sardina.\nEl desfile irá hacia la Plaza del Carmen.\nAllí quemarán la Sardina.\nDespués habrá el Concierto de Carnaval.\n\nEl domingo 26 habrá juegos populares.\nSerán en la Plaza de Castellón.\nA esa plaza la llaman Les Palmeretes.\nEsos juegos serán el final del Carnaval 2023 en Alicante.\n\n--- GLOSARIO ---\nNINGUNA' error=None
2026-08-27 13:40:44,707 | INFO | httpx | HTTP Request: POST http://localhost:8003/tasks/send "HTTP/1.1 200 OK"
2026-08-27 13:40:44,708 | INFO | __main__ | Tarea Completada: id='70a660fe-bbe3-4625-90e9-e997f1293cdc' status='completed' output='Alguien deja la puerta del camerino abierta. El ruido del público entra por la puerta. Ese ruido le duele al estómago de Marina.\n\nMarina se mira en el espejo. Se pinta los labios de rojo. Su mano tiembla. Tiene 41 años.\n\nMarina actúa durante 23 años. No cumple sus promesas. El deseo de actuar la mantiene en el escenario.\n\nRodrigo entra de golpe. No llama a la puerta.\n\n- ¿Lista? Quedan 5 minutos.\n\nSu voz tiene un tono especial. Marina conoce bien ese tono.\n\nMarina se levanta despacio. Alisa el vestido con las manos.\n\n- Si sé que esta es la última función, elijo otra obra. Elijo una obra que me duela menos por dentro.\n\nRodrigo se acerca. Agarra las manos de Marina. Rodrigo tiene una mirada especial. Esa mirada la pone cuando quiere decir muchas cosas. Pero solo dice unas pocas.\n\n- Mira. Hicimos 32 funciones. Todos dicen que controlamos todo. Tú y yo sabemos que cada noche es diferente.\n\nMarina siente un hormigueo extraño en el pecho. No sabe si es tristeza. O es emoción.\n\n- ¿Cambiarías algo si volviéramos atrás?\n\nRodrigo pregunta en voz baja.\n\n- No cambio nada.\n\nRodrigo niega con la cabeza.\n\n- Este momento vale más que todo. Estoy aquí contigo. Es mejor que todo lo que imaginé.\n\nLas luces bajan afuera. Alguien da 3 golpes secos en la puerta. Es la señal.\n\nMarina respira hondo. Se coloca bien el vestido. Sale hacia el escenario. La función termina. Pero los recuerdos bonitos se quedan en la memoria para siempre.\n\n--- GLOSARIO ---\nCAMERINO: Sala pequeña donde los actores se preparan antes de salir a escena.\nESPEJO: Cuadro que refleja la imagen de las personas y las cosas.\nALISA: Estira la tela para quitarle las arrugas y dejarla lisa.\nFUNCIÓN: Representación teatral que se realiza ante el público.\nHORMIGUEO: Sensación de cosquilleo o picor leve en la piel.\nSEÑAL: Aviso o indicación para que alguien actúe o haga algo.\nESCENARIO: Lugar elevado donde se representa una obra de teatro.' error=None
2026-08-27 14:08:05,312 | INFO | httpx | HTTP Request: POST http://localhost:8003/tasks/send "HTTP/1.1 200 OK"
2026-08-27 14:08:05,313 | INFO | __main__ | Tarea Completada: id='3640deba-17c0-4afd-b0cc-6a0f35761ae2' status='completed' output='Es el 17 de septiembre de 2019.\nSebastián trabaja en ese teatro.\nSebastián está en ese teatro desde hace 15 años.\nEl teatro es antiguo.\nEl teatro cierra pronto.\n\nLa cortina roja cuelga mal.\nLa cortina cuelga mal desde la semana pasada.\nAlguien choca con la cuerda vieja.\nEso pasa durante la obra de los jueves.\n\nEl ensayo empieza mal.\nEl ensayo acaba con más problemas.\nLa silla vieja hace ruido.\nLa silla hace ruido al moverse.\nSebastián se sienta en la silla.\nSebastián está muy cansado.\n\nClara entra en el escenario.\nClara grita frases sin sentido.\nClara habla de su personaje.\nClara cambia cada frase del guion.\nNadie entiende nada.\n\nSebastián dice:\n—Si te calmas, esto termina pronto.\nSebastián dice esto con enfado.\nSebastián sabe que sus palabras aumentan la rabia.\nLa rabia es de ambos.\n\nClara mira a Sebastián.\nClara tiene una expresión de tristeza en la cara.\nClara hará algo malo.\n\nClara dice:\n—Hace 3 meses me prometiste que este montaje sería diferente.\nClara dice:\n—No ocultamos el anterior.\nClara aprieta el guion amarillo.\nLos dedos de Clara se mueven con nervios.\n\nAntes, ellos creían que una fuerza los unía.\nEsa fuerza no tiene nombre.\nEsa fuerza los une al proyecto.\n\nAhora hay 26 días de retraso.\nEllos gastan el dinero en cosas poco importantes.\nSebastián recuerda una conversación.\nLa conversación pasa en el camerino pequeño.\nTodo sale mal allí.\n\nUn objeto con punta rasga el vestido azul de Clara.\nEso pasa aquella noche.\nLa relación de ellos termina.\nLa relación termina para siempre.\n\nEl desastre empeora si pospones las decisiones difíciles.\n\n--- GLOSARIO ---\nENSAYO: práctica o repetición de una actuación antes de la presentación final para el público.\nESCENARIO: parte del teatro donde se sitúan los actores durante la representación.\nGUION: documento escrito que contiene las diálogos y las indicaciones de la obra teatral.\nMONTAJE: proceso de preparar y ensayar una obra de teatro para su estreno.\nCAMERINO: pequeña habitación donde los actores se preparan, se visten y maquillaje antes de salir a escena.\nPOSPOÑES: retrasas la toma de una decisión para hacerla más adelante.' error=None
2026-08-27 14:18:16,285 | INFO | httpx | HTTP Request: POST http://localhost:8003/tasks/send "HTTP/1.1 200 OK"
2026-08-27 14:18:16,286 | INFO | __main__ | Tarea Completada: id='1d79a746-ef72-4011-9c12-2f5eb9cefeb8' status='completed' output='Arroz con Leche\n\nIngredientes\n\n- 1 taza de arroz blanco de grano corto\n- 4 tazas de leche entera\n- 1 taza de agua\n- 3 cuartas partes de taza de azúcar\n- 1 rama de canela\n- Cáscara de 1 limón. Usa solo la parte amarilla. Usa la mitad de la superficie del limón.\n- 1 pizca de sal\n- Canela en polvo para decorar\n\nPreparación\n\nLava el arroz bajo agua fría. Hazlo hasta que el agua salga clara. Esto quita la mayor parte del almidón de la superficie del arroz.\n\nAlmidón: Es una sustancia blanca. Está dentro de los granos de arroz.\n\nPon el arroz en una olla mediana. Añade el agua y la pizca de sal. Pon la olla al fuego medio-alto. Espera a que el agua hierva. Baja el fuego. Cocina el arroz. Hazlo hasta que el arroz beba casi toda el agua. Esto tarda entre 10 y 12 minutos.\n\nAñade 3 tazas de leche. Añade la rama de canela. Añade la cáscara de limón. Mueve la mezcla siempre. Mantén el fuego medio-bajo. Hazlo durante 25 o 30 minutos. Mueve la mezcla siempre. Así no se pega al fondo.\n\nEl arroz bebe la mayor parte de la leche. El arroz tiene una textura cremosa. Añade el azúcar. Añade la taza restante de leche. Cocina la mezcla. Hazlo por 10 o 15 minutos más. Mueve la mezcla siempre.\n\nTextura: Es la forma en que se siente la comida. La sientes al tocarla o al masticarla.\n\nMira la textura con atención. Quita la olla del fuego. Hazlo cuando tenga la textura que quieres. La mezcla se hace más espesa al enfriarse.\n\nQuita la rama de canela. Quita la cáscara de limón. Pon la mezcla en un plato. O ponla en platos pequeños.\n\nPon canela en polvo por encima. Hazlo antes de servir. Come el arroz tibio. O come el arroz frío.\n\n--- GLOSARIO ---\nNINGUNA' error=None
2026-08-27 14:36:01,147 | INFO | httpx | HTTP Request: POST http://localhost:8003/tasks/send "HTTP/1.1 200 OK"
2026-08-27 14:36:01,148 | INFO | __main__ | Tarea Completada: id='e2c2283e-9a84-4229-a663-41771550967a' status='completed' output='La pequeña librería de la calle Sauce está cerrada. Está cerrada desde hace más de 20 años. Los nuevos dueños la abren hoy. Martina y Julio sienten mucha emoción. Martina y Julio giran la llave oxidada. La llave es de la puerta de madera. Es la primera vez que lo hacen.\n\nEl lugar es igual que antes. El antiguo dueño deja el lugar así.\n\nEn la tienda hay libros. Los libros están apilados hasta el techo. Hay un gato de cerámica. El gato está sobre el mostrador. Hay un sobre amarillo.\n\nEl nombre de Martina está en el sobre. La tinta es negra.\n\nDentro del sobre hay un mapa del barrio. El mapa tiene varias cruces en rojo. Hay una nota. La nota dice:\n- Para las personas valientes que continúen mi búsqueda.\n\nMartina y Julio siguen las pistas del mapa durante semanas. Cavan en el jardín trasero. Revisan cada rincón de la tienda. Los vecinos del barrio los miran con curiosidad. Los vecinos quieren saber qué buscan.\n\nAl final, encuentran una caja metálica. La caja está detrás de una estantería. La estantería no se mueve. Los libros antiguos pesan mucho. La caja tiene muchas cartas de amor. Las personas escribieron esas cartas hace muchos años.\n\nAquellas palabras olvidadas cuentan una historia. La historia es de un amor que no pudo ser. Ese amor nació entre esas mismas paredes.\n\n--- GLOSARIO ---\nNINGUNA' error=None
2026-08-27 14:46:13,485 | INFO | httpx | HTTP Request: POST http://localhost:8003/tasks/send "HTTP/1.1 200 OK"
2026-08-27 14:46:13,486 | INFO | __main__ | Tarea Completada: id='f6db9226-b604-4311-8b5d-f6d25d0ae7f2' status='completed' output='La niebla cubre el bosque. La niebla se mueve sola. Marcus sabe que algo cambió esa noche.\n\nMarcus perdió a su hermana. Fue hace 3 inviernos. Quizá fueron 4. Marcus no está seguro. Las criaturas del norte cruzaron las montañas en ese momento.\n\nMarcus camina sin zapatos. Camina por el camino. Allí recogían bayas cuando eran niños. Marcus siente cada piedra en la piel. Siente cada espina.\n\nEl amuleto cuelga de su cuello. El amuleto pesa mucho. La anciana del pueblo le dio el amuleto. La anciana desapareció después del incendio.\n\nMarcus se detiene. Escucha un sonido suave entre los árboles. El viento no hace ese sonido. Este lugar es peligroso. Marcus quiere creer que es el viento. Marcus quiere creer que su mente inventa todo.\n\nLas estrellas brillan mucho esa noche. La luz es extraña. La luz se parece a los ojos de su hermana. Marcus vio a su hermana por última vez.\n\nSu hermana quiso avisar a Marcus. Le habló del acuerdo. Su madre hizo algo antes de morir. Su madre quiso salvar al pueblo de la enfermedad.\n\nMarcus aprieta la mano. Sostiene un cuchillo de hierro. Marcus hizo el cuchillo. Lo hizo en la tienda de su padre. Marcus conoció a Elena allí. Eso ya no importa.\n\nUna persona aparece frente a Marcus. La persona está entre los árboles de roble muy viejos. Marcus persiguió a esa persona. La persona brilla. La persona tiene la cara de Lyra. Algo malo está detrás de los ojos de Lyra.\n\n—Hermano —dice la persona.\nSu voz suena lejana.\nLas lágrimas hacen daño en las mejillas de Marcus.\n\nMarcus debe elegir. Su madre eligió en su momento.\n\n--- GLOSARIO ---\namuleto: Adorno pequeño que se lleva colgado del cuello, a menudo con significado especial o religioso.\nanciana: Mujer de edad avanzada.\nincendio: Fuego que se sale de control y destruye cosas.\nroble: Tipo de árbol grande y fuerte de madera dura.' error=None
2026-08-27 14:56:43,562 | INFO | httpx | HTTP Request: POST http://localhost:8003/tasks/send "HTTP/1.1 200 OK"
2026-08-27 14:56:43,564 | INFO | __main__ | Tarea Completada: id='77bf6418-de6b-4a23-ba42-03b9afb7b29a' status='completed' output='La Concejalía de Fiestas prepara una tarde de diversión para todos.\nLa fiesta es este sábado 18 de febrero.\nLa fiesta empieza a las 5 de la tarde.\nEl lugar es la Plaza de Baix.\nEl Ayuntamiento de Elche organiza la fiesta de carnaval desde el año 2020.\nMiles de personas de Elche disfrutan de esta fiesta en los últimos años.\n\nLa fiesta tiene dos partes.\nLa primera parte es para niños.\nLa segunda parte es para adultos.\n\nLa parte para niños empieza a las 5 de la tarde.\nLa parte para niños termina a las 8 y 30 de la noche.\nLos niños juegan en castillos hinchables.\nLos niños hacen talleres de globos.\nLos niños hacen talleres de antifaces.\nLos niños hacen talleres de tatuajes.\nLos niños hacen talleres de pintura en la cara.\n\nLas personas se apuntan para el concurso de disfraces.\nEl horario de inscripción es de las 5 de la tarde a las 6 y 30 de la tarde.\nEl lugar de inscripción es la caseta de la plaza.\nEl concurso da premios a los disfraces más nuevos.\nEl concurso da premios a los disfraces más graciosos.\nEl concurso da premios a los disfraces que tienen más detalles.\n\nEl espectáculo para niños empieza a las 5 y 30 de la tarde.\nEl espectáculo es de La Pandilla de Drilo.\nDrilo es un cocodrilo famoso.\nLos personajes son:\n- Drilo\n- Guau\n- Peligre\n- Huga\n- Rafa\n- Era\n- Pom-Pom\nLos niños conocen a estos personajes.\nLos personajes cuentan historias.\nLos personajes cantan canciones.\nLas historias enseñan valores.\nLos valores son el respeto por las otras personas.\nLos valores son el respeto por la naturaleza.\n\nLa pasarela de disfraces para niños empieza después del espectáculo.\nLos niños se hacen fotos con los personajes de La Pandilla de Drilo.\nLa entrega de premios para niños es a las 7 de la noche.\nEl premio es para los disfraces inscritos.\n\nEl desfile empieza a las 7 y 30 de la noche.\nEl desfile tiene más personas este año.\nEl desfile tiene figuras de caballos de ajedrez.\nEl desfile tiene baile de máscaras venecianas.\nEl desfile tiene payasos alegres.\nEl desfile tiene locos motoristas.\nEl desfile tiene personajes de teatro con piernas largas.\nEl desfile pasa por las calles principales.\nEl desfile habla y juega con la gente que mira.\nLa música es de un grupo de tambores.\nEl desfile sale del arco del Ayuntamiento.\nEl desfile pasa por:\n- la Plaza de Baix\n- la calle Corredora\n- la calle Obispo Tormo\n- la Plaza de Santa Isabel\n- la calle Uberna\n- el Trinquet\nEl desfile vuelve a la Plaza de Baix por la calle Corredora.\n\nLa fiesta sigue.\nLa parte para adultos empieza a las 8 y 30 de la noche.\nLa parte para adultos empieza después del desfile.\nLa pasarela es para disfraces de adultos.\nLa pasarela es para grupos.\nLas personas se apuntan antes en la caseta.\nLa entrega de premios para adultos sigue a la pasarela.\nEl premio es para los mejores disfraces de una persona.\nEl premio es para los mejores disfraces de grupo.\nEl premio valora que el disfraz sea nuevo.\nEl premio valora que el disfraz sea hecho con ideas nuevas.\n\nLa fiesta de carnaval sigue.\nSalva, el disc jockey, pone la música.\nLa música dura hasta la 1 de la madrugada.\nLas familias siguen con la fiesta.\nLos grupos de amigos siguen con la fiesta.\nLa Concejalía anima a las personas de Elche a salir a la calle.\nLa fecha es este próximo sábado.\nLas personas participan en las actividades.\nLas personas disfrutan en familia.\nLas personas disfrutan con amigos.\nLa tarde tiene muchos colores.\nLa tarde es especial.\n\n--- GLOSARIO ---\nConcejalía: parte del gobierno municipal que se encarga de un tema concreto, en este caso, las fiestas.\nPlaza de Baix: nombre de la plaza principal de la ciudad de Elche.\nCastillos hinchables: juegos grandes de goma que se llenan de aire y en los que los niños pueden saltar y trepar.\nAntifaces: tapas para los ojos que se usan para fiestas o disfraces.\nInscripción: momento en el que una persona se apunta o se registra para participar en una actividad.\nCaseta: pequeño edificio o casa formada por madera o tela que se usa en las fiestas para vender comida o como oficina.\nConcurso: competición en la que varias personas o grupos participan para ganar un premio.\nPasarela: camino o plataforma elevada por donde desfilan las personas para mostrar sus trajes.\nFiguras de caballos de ajedrez: estatuas grandes que representan a los caballos del juego de ajedrez.\nMáscaras venecianas: máscaras de fiesta que se originaron en Venecia, Italia, y que suelen ser muy decoradas y elegantes.\nLocos motoristas: personas que van en moto y hacen acrobacias o movimientos divertidos.\nArco: entrada decorada con forma de arco, que suele ser un monumento histórico.\nTrinquet: edificio o espacio cubierto donde se juega a la pelota valenciana, un deporte típico de la zona.\nDisc jockey: persona que selecciona y pone la música en una fiesta o evento.' error=None
2026-08-27 15:21:43,891 | INFO | httpx | HTTP Request: POST http://localhost:8003/tasks/send "HTTP/1.1 200 OK"
2026-08-27 15:21:43,892 | INFO | __main__ | Tarea Completada: id='1b1cc4fb-d7e8-4f58-a697-66982da4f0e5' status='completed' output='Alicante, 30 de enero de 2023.\n\nAlicante acoge la etapa número 1 de la carrera número 74 de la Volta a la Comunitat Valenciana.\nLa Volta a la Comunitat Valenciana es una carrera de ciclismo por carretera. La carrera tiene lugar en la Comunidad Valenciana.\nLa carrera dura del 1 al 5 de febrero. La etapa empieza en Orihuela. La etapa pasa por la costa de Alicante. La etapa termina en Altea. La etapa mide más de 188 kilómetros. La etapa tiene dos subidas de montaña.\n\nEl Ayuntamiento de Alicante prepara un plan para controlar el tráfico y los transportes.\nEl Ayuntamiento es el edificio donde trabajan los políticos que gobiernan la ciudad.\nEl plan usa 60 agentes de la Policía Local.\nLa Policía Local son los policías que trabajan en la ciudad.\nLos agentes coordinan el paso de la carrera. La carrera usa un recorrido cerrado al tráfico normal. Los agentes controlan y vigilan el recorrido. La carrera pasa por la ciudad entre las 1:54 de la tarde y las 2:01 de la tarde.\n\nEl camino de la carrera en la ciudad de Alicante empieza en el Altet.\nEl Altet es el nombre del barrio donde está el aeropuerto de Alicante.\nLa carrera pasa por el túnel iluminado.\nEl túnel iluminado tiene luces para que se vea bien.\nLa carrera pasa por la avenida de Elche.\nLa carrera pasa por la avenida de Loring.\nLa carrera pasa por la calle Mártires por la Libertad.\nLa carrera pasa por la calle de Jovellanos.\nLa carrera pasa por la avenida de Denia.\nLa carrera pasa por la rotonda número 332.\n\nEvita la costa y el paso por la avenida de Elche.\n\nEl gobierno de la ciudad recomienda no circular este martes 1 de febrero. No circules por la avenida de Elche.\nNo circules por la costa.\nNo circules por la avenida de Denia.\n\nNo circules entre las 1:00 de la tarde y las 3:00 de la tarde. Usa el transporte público. Sal antes de la hora para llegar a tiempo.\n\nLos caminos alternativos para entrar en la ciudad son los siguientes.\nPuedes entrar desde la autovía del Mediterráneo.\nPuedes entrar por la Gran Vía.\nPuedes entrar por la Vía Parque.\nLa Vía Parque es una carretera que rodea la ciudad de Alicante.\n\nCortes de tráfico\n\nLa carrera empieza en la rotonda frente a las plantas de desalar agua.\nDesalar agua es quitar la sal del agua del mar. El agua se puede beber o usar.\nLa Policía Local corta esa rotonda por completo. El corte llega hasta el cruce con la vía Antoñita Moreno. Los coches que salen de Alicante giran por la vía Antoñita Moreno. Los coches salen hacia la carretera nacional 340.\nLa Policía Local corta el tráfico en todo el camino de la carrera. La Policía Local calcula cuándo empiezan los cortes. Los cortes duran desde las 1:30 de la tarde hasta las 2:30 de la tarde.\n\nDesde el cruce con la vía Antoñita Moreno, los coches circulan por la costa. El tráfico en dirección a la salida de Alicante funciona hasta la calle Federico Mayo. La Policía Local corta el tráfico en las dos direcciones desde Federico Mayo hasta la Plaza del Mar. La Policía Local puede abrir el tráfico por poco tiempo.\n\nLa Policía Local corta el sentido de la marcha en la parte de la costa de la avenida de Juan Bautista Lafora.\nLa Policía Local corta el sentido de la marcha en la parte de la costa de la avenida de Jovellanos.\n\nLa Policía Local corta el tramo de la avenida de Denia por completo. El tramo va desde el cruce con Villajoyosa hasta Padre Esplá. La Policía Local corta el sentido de la marcha desde Padre Esplá hasta la salida de la ciudad por la avenida de Denia.\n\nCortes previos de la carrera y apertura al tráfico\n\nLa Policía Local hace cortes previos a la altura de la Albufera.\nLa Policía Local hace cortes previos a la altura de Padre Esplá.\n\nLos cortes previos afectan a todas las calles del circuito. La Policía Local puede añadir puntos de control.\n\nLa Policía Local abre el tráfico entre las 2:11 de la tarde y las 2:19 de la tarde. La organización da el instrumento para medir la distancia recorrida.\nEl instrumento para medir la distancia recorrida es un aparato. El aparato indica cuántos kilómetros ha recorrido un vehículo.\n\nLos cortes afectan a varias líneas de transporte público. Los cortes afectan a la Estación de Autobuses. La Sala de Control de Tráfico del Ayuntamiento colabora.\nLa Sala de Control de Tráfico es la oficina del Ayuntamiento. En la oficina se ve y se gestiona el tráfico de la ciudad con cámaras y ordenadores.\nLa Sala coordina el plan especial de tráfico.\n\n--- GLOSARIO ---\nVolta: carrera de ciclismo\nComunidad Valenciana: región de España\nkilómetros: unidad para medir distancias largas\nAyuntamiento: edificio donde gobiernan los políticos\nPolicía Local: policías de la ciudad\nrecorrido cerrado al tráfico: camino donde no pueden pasar los coches normales\nAltet: barrio del aeropuerto\ntúnel: camino bajo la tierra o bajo un edificio\nrotonda: cruzamiento circular de calles\nautovía: carretera rápida con carriles separados\nGran Vía: calle principal y ancha\nVía Parque: carretera que rodea la ciudad\ndesalar agua: quitar la sal al agua del mar\ncarretera nacional: carretera principal de España\ncrucero: punto donde se unen varias calles\ndirección: lado hacia donde van los coches\ntramo: parte de una calle o carretera\ncortes previos: cierres de calles antes de que llegue la carrera\ncircuito: camino completo de la carrera\ninstrumento para medir la distancia: aparato que cuenta los kilómetros\nSala de Control de Tráfico: oficina que mira el tráfico con cámaras' error=None
2026-08-27 15:25:02,428 | INFO | httpx | HTTP Request: POST http://localhost:8003/tasks/send "HTTP/1.1 200 OK"
2026-08-27 15:25:02,429 | ERROR | __main__ | Error en la tarea: El agente http://localhost:8002 falló: Error code: 413 - {'error': {'message': 'Request too large for model `qwen/qwen3.8-27b` in organization `org_01m0wdy83meydahz1tg5hrhdte` service tier `on_demand` on tokens per minute (TPM): Limit 8000, Requested 8059, please reduce your message size and try again. Need more tokens? Upgrade to Dev Tier today at https://console.groq.com/settings/billing', 'type': 'tokens', 'code': 'rate_limit_exceeded'}}
2026-08-27 15:48:22,275 | INFO | httpx | HTTP Request: POST http://localhost:8003/tasks/send "HTTP/1.1 200 OK"
2026-08-27 15:48:22,277 | INFO | __main__ | Tarea Completada: id='a552a4ea-a9da-485c-8786-bac6a993d6fb' status='completed' output='El Ayuntamiento de Torrevieja organiza el desfile de verano.\nEl desfile es un homenaje a la Reina y a las Damas de la Sal.\nHomenaje: es una forma de mostrar respeto y cariño a una persona o grupo.\nEl desfile es el sábado 13 de agosto a las 8 y 30 de la noche.\nEl desfile es a mitad de agosto.\nMuchos visitantes y vecinos de Torrevieja vienen.\n\nLa corte de la sal 2021 y 2022 es la más importante.\nLa Reina y las Damas saludan a las personas desde una carroza.\nLa Reina de la Sal es Victoria Magoñ Rodríguez.\nLas damas son Juncal Gómez Rivero y Marta Mesa Vizcaíno.\nEllas llevan sus mejores trajes.\n\nVarias comparsas del Carnaval de Torrevieja las acompañan.\nEl Carnaval de Torrevieja tiene el título de Interés Turístico Autonómico de la Comunitat Valenciana.\nInterés Turístico Autonómico: es un título que da la comunidad autónoma. Este título dice que una fiesta es importante para el turismo de esa zona.\nComunitat Valenciana es el nombre oficial de la Comunidad Valenciana.\nLas comparsas bailan con muchos colores.\nSus bailes son bonitos.\nParticipan estas comparsas:\n• No ni ná\n• Bufa la gamba\n• Blanca de sal\n• Osadía\n• Aquí hay tomate\n• Las Cherries\n• Soul Dance\n• Soul Kids\n\nLa reina mayor y la reina infantil del carnaval están en el desfile.\nSon Brenda Hernández y Triana Marín.\n\nLa concejalía de Fiestas incluye una representación de los moros y cristianos.\nEs una fiesta muy importante en la provincia de Alicante.\nLa Asociación de Moros y Cristianos San Francisco de Asis de Crevillent participa.\nEstas fiestas tienen el título de Interés Turístico Nacional.\nInterés Turístico Nacional: es un título que da el Estado. Este título dice que una fiesta es importante para el turismo de todo el país.\nUna representación de la Federación de Moros y Cristianos de Alicante participa.\n\nDos grupos de cristianos que hacen de contrabandistas vienen de Alicante.\nContrabandistas: personas que llevan mercancías sin pagar los impuestos.\nUn grupo es de mujeres y otro es de hombres.\nUn grupo grande de personas con cargos en las fiestas de 2019 viene de Crevillent.\nDos grupos de moras llamadas filaes de berberíscos vienen.\nFilaes de berberíscos: grupos de personas que visten con ropa de color rojo y blanco, típica de las fiestas de moros y cristianos.\nUna es de mujeres y otra es de hombres.\nTres grupos de cristianos llamados Los Dragones de San Jorge vienen.\nUno es de mujeres y dos son de hombres.\n\nTres grupos de música acompañan a todos los participantes.\nDos de ellos son grupos de la Sociedad Musical Ciudad de Torrevieja y Los Salerosos.\n\nLa concejal de Fiestas, Concha Sala, da las gracias.\nElla agradece a las comparsas del carnaval de Torrevieja.\nElla también agradece a los grupos de Alicante y Crevillent.\nParticipar en este desfile es fácil para ellos.\nEl desfile atrae a la gente a Torrevieja.\nEn agosto hay mucha gente en la ciudad.\nSala dice que la participación es voluntaria.\nLa participación es sin cobrar dinero.\nLas comparsas y las personas que participan en las fiestas ayudan a la ciudad de Torrevieja.\n\nEl desfile sale a las 8 y 30 de la noche.\nEl desfile sale de la zona del Centro Cultural Virgen del Carmen.\nEl desfile recorre la calle Ramón Gallud.\nEl desfile termina en el cruce con la calle Patricio Pérez.\nHay un espacio reservado para personas que tienen problemas para moverse.\nEl espacio está situado junto al Hotel Fontana.\n\n--- GLOSARIO ---\nPALABRA: NINGUNA' error=None
2026-08-27 16:03:41,838 | INFO | httpx | HTTP Request: POST http://localhost:8003/tasks/send "HTTP/1.1 200 OK"
2026-08-27 16:03:41,840 | INFO | __main__ | Tarea Completada: id='7445004e-ac65-4a35-8b2e-67d05a1fac35' status='completed' output='Alba García trabaja en el Ayuntamiento.\nElla se encarga de la Igualdad y la Mujer.\nRosa Vidal trabaja en el Ayuntamiento.\nElla se encarga del Teatro.\nRosario Navalón es la jefa de la Universidad de Elda.\nHoy presentan las actividades.\nEl Ayuntamiento de Elda organiza estas actividades.\nGrupos y asociaciones de la ciudad participan también.\nHay cerca de 20 actividades en marzo.\nLas actividades son:\n- Charlas.\n- Talleres.\n- Cine.\n- Teatro.\n- Exposiciones.\n- Conversaciones entre varias personas.\n\nAlba García habla primero.\nEl grupo de Igualdad y Mujer tiene un equipo de trabajo.\nEste equipo hace un proyecto para enseñar igualdad.\nEl proyecto llega a todas las escuelas de la ciudad.\nEl proyecto va desde la escuela de los niños pequeños hasta la escuela de los jóvenes.\nEl proyecto empieza en septiembre.\nEl proyecto termina en junio.\nEl proyecto sigue el año que viene.\nTodos los estudiantes reciben talleres.\nLos talleres cambian según la edad de los estudiantes.\nEl objetivo es crear una base fuerte.\nLa igualdad se enseña desde que los niños son pequeños.\n\nAhora hacen el Taller de Igualdad Arturo y Clementina.\nEste taller es para los niños pequeños.\nEl taller está en las escuelas de Elda.\nEl taller empieza el 14 de febrero.\nEl taller termina el 15 de marzo.\nEl taller enseña la igualdad.\nEl taller enseña a tratar bien a los demás.\nEl taller usa el cuento Arturo y Clementina.\n\nAlba García quiere que la gente conozca al Club de Balonmano de Mujeres.\nEs el primer equipo de mujeres que gana más premios.\nEl equipo gana la liga.\nEl club empieza en las escuelas de la ciudad.\nEl club es un equipo muy bueno.\nEl club abre puertas a otras mujeres.\nEllas quieren hacer deporte en la ciudad.\n\nRosa Vidal habla de dos obras de teatro.\nLas obras son en el Teatro Castelar.\nLa primera obra es Monólogos muy cuquis.\nLa obra es de la compañía Pink Show Comedy.\nLa obra gusta mucho.\nNo quedan entradas.\nLa obra es el 8 de marzo a las 8 de la tarde.\n\nEl sábado 12 de marzo hay otra obra.\nLa obra es a las 8 de la tarde.\nLa obra es Flamenco Kitchen.\nLa obra muestra el trabajo de un grupo de mujeres.\nEllas cuentan sus historias.\nEllas lo hacen con risas y tristeza.\nEllas trabajan en la cocina de un restaurante.\nEllas trabajan muchas horas.\n\nRosario Navalón habla al final.\nElla dice que Elda tiene un calendario muy grande.\nEl calendario es por el Día de la Mujer.\nEs difícil organizar todo.\nEllos ponen todos los eventos y actividades en orden.\n\nLa Universidad organiza algunas actividades.\nHay una exposición.\nLa exposición se llama Mujeres de la Transición.\nLa exposición muestra el tiempo de 1975 a 1983.\nLa exposición está en la Sala Ficia del Museo del Calzado.\nLa exposición se puede ver.\nTambién hay películas.\nLas películas son Norma Rae y La Kermesse Heroïque.\nLas películas son los días 2 y 16 de marzo.\nLas películas son en la Fundación Paurides.\nHay otras actividades más.\n\n--- GLOSARIO ---\nAyuntamiento: edificio donde trabajan las personas que dirigen y gestionan los asuntos de la ciudad.\nTransición: periodo de tiempo en España, entre 1975 y 1983, en el que el país pasó de una dictadura a una democracia.' error=None
2026-08-27 16:31:37,616 | INFO | httpx | HTTP Request: POST http://localhost:8003/tasks/send "HTTP/1.1 200 OK"
2026-08-27 16:31:37,618 | INFO | __main__ | Tarea Completada: id='9eec8e37-bba2-40ac-a78e-2387d8c7d382' status='completed' output="El 12 de agosto es el Día Internacional de la Juventud.\nEl jueves 11 de agosto de 2022 hay actividades deportivas.\nLas actividades son en la Zona deportiva de la Playa de San Juan.\nEsta es la edición número 2.\nHay varias actividades nuevas.\nMucha gente asistió a la edición número 1.\n\nOrganizan:\n• El grupo de personas que se ocupan de los jóvenes en el Ayuntamiento de Alicante.\n• El Centro 14 del Ayuntamiento de Alicante.\n• El grupo de personas que se ocupan del deporte en el Ayuntamiento de Alicante.\n• La empresa Next Mind.\n\nColaboran:\n• El club de vóley Arena Playa.\n• El grupo Wild Light's.\n• El gimnasio Crossfit Costa Blanca.\n• El grupo Futevolei Alicante.\n• El grupo Grizzly Mode One.\n• El grupo Bárbaros de Ultimate Frisbee Alicante.\n• La escuela de baile In Situ.\n• El grupo Tramuntana Avenura.\n\nHorario:\nDe las 6 de la tarde a las 10 de la noche.\n\nParticipantes:\nLa participación es libre y gratuita.\nPueden participar personas de 15 a 35 años.\n\nInscripciones:\n• Envía un correo electrónico a info@nextmind.es.\n• Escribe tu nombre completo.\n• Escribe tu edad.\n• Escribe la clase.\n• Escribe la hora.\n• También puedes inscribirte el mismo día del evento.\n\nActividades\n\nVoley playa\nHay un torneo de 4 contra 4.\nPueden jugar hombres y mujeres juntos.\nPueden jugar personas de 18 a 25 años.\nHay un máximo de 16 equipos.\nHay 4 equipos por campo.\nCada equipo tiene un máximo de 6 jugadores.\nLos partidos duran 20 minutos.\n\nFutevolei\nHay partidos de demostración.\nHay grupos de hombres y grupos de mujeres.\nLos grupos van de bronce a oro.\nLos jugadores compiten a nivel nacional.\nHay un campo para empezar a jugar al futvóley.\nPueden jugar personas de 18 a 35 años.\nLa inscripción es gratuita.\n\nCrossfit Costa Blanca\nLas sesiones duran 55 minutos.\nPueden participar hombres y mujeres juntos.\nPueden participar personas de 15 a 35 años.\nLos horarios son:\n• A las 6 y 15 de la tarde.\n• A las 7 y 30 de la tarde.\n• A las 8 y 30 de la noche.\nPueden participar personas de cualquier condición física.\nCada persona elige el nivel físico que necesita.\nUsan material deportivo.\nEl material incluye:\n• Empujar trineos.\n• Barras.\n• Pesas rusas.\nLas pesas rusas son de hierro.\nTienen forma de mancuerna.\nLa gente usa las pesas rusas para hacer ejercicio.\n\nPilates\nLas sesiones duran 50 minutos.\nPueden participar hombres y mujeres juntos.\nHay un máximo de 20 personas por grupo.\nPueden participar personas de 18 a 35 años.\nLos horarios son:\n• A las 6 y 30 de la tarde.\n• A las 7 y 45 de la noche.\n\nCalistenia\nHay una Zona Biosaludable.\nZona Biosaludable: Es un espacio donde las personas cuidan su salud y su bienestar.\nHay una demostración de atletas especialistas.\nHay una zona para empezar.\nLos instructores dan consejos y explicaciones a las personas inscritas.\nEl horario es de las 6 de la tarde a las 9 y 30 de la noche.\nPueden participar personas de 15 a 35 años.\n\nRugby\nJavier Carrión es jugador Olímpico.\nJugador Olímpico: Es un deportista que ha competido en los Juegos Olímpicos.\nHay clases para empezar a jugar al Rugby.\nPracticas el pase, la evasión, los placajes y los ensayos.\nEvasión: Es una jugada para esquivar al rival.\nPlacajes: Es cuando un jugador se agarra a otro para detenerlo.\nEnsayos: Es la forma de anotar puntos en el rugby.\nPueden participar hombres y mujeres juntos.\nEl horario es de las 6 de la tarde a las 9 y 30 de la noche.\nPueden participar personas de 15 a 35 años.\n\nIniciación al Ultimate Frisbee\nUltimate Frisbee: Es un deporte de equipo que se juega con un disco volador.\nHay partidos y demostraciones durante el evento.\nLos equipos tienen de 5 a 7 jugadores.\nEl objetivo es coger el disco.\nEl jugador coge el disco en la zona del campo del oponente.\nPueden participar hombres y mujeres juntos.\nPueden participar personas de 12 a 35 años.\n\nBaile urbano\nLa academia In Situ da una clase de Dancehall a las 7 y 5 de la noche.\nDancehall: Es un estilo de baile y música.\nHay demostraciones:\n• A las 7 de la noche.\n• A las 8 y 15 de la noche.\nPueden participar hombres y mujeres juntos.\nPueden participar personas de 15 a 35 años.\n\nGymkhana\nGymkhana: Es una carrera de obstáculos y juegos.\nHay juegos deportivos.\nPuedes jugar por equipos o de manera individual.\nPuedes mostrar tus habilidades.\nHay varias pruebas en un recorrido.\nPueden participar hombres y mujeres juntos.\nPueden participar personas de 12 a 35 años.\n\nEl evento tiene zona de comida y bebida.\nEl evento tiene fisioterapia.\nFisioterapia: Es un tratamiento para ayudar a moverse mejor y aliviar el dolor.\nEl evento tiene música ambiental.\nMúsica ambiental: Es música suave de fondo.\nEl evento tiene un locutor.\nEl evento tiene un photocall.\nPhotocall: Es un lugar con un fondo decorado para hacerse fotos.\nLa gente se hace fotos en el photocall.\nHay entrega de trofeos y camisetas.\n\n--- GLOSARIO ---\nAYUNTAMIENTO: Es el edificio o la organización donde se gobierna una ciudad o pueblo.\nTORNEO: Es una competición deportiva donde varios equipos juegan entre sí para ver quién gana.\nFUTEVOLEI: Es un deporte parecido al vóley, pero se juega con un balón de fútbol.\nBRONCE: Es un metal de color marrón rojizo. Se usa para dar premios a los terceros puestos.\nORO: Es un metal de color amarillo brillante. Se usa para dar premios a los primeros puestos.\nNACIONAL: Que pertenece a todo un país.\nTRINEO: Es un objeto con ruedas o patines que se empuja o se arrastra para hacer ejercicio.\nBARRA: Es una barra larga y gruesa de metal que se usa para levantar peso.\nMANCUERNA: Es un peso de metal que se sostiene con una sola mano para hacer ejercicio.\nCALISTENIA: Es un tipo de ejercicio físico que se hace usando el propio peso del cuerpo, sin máquinas.\nINSTRUCTORES: Son personas que enseñan o guían a otras.\nOLÍMPICO: Que está relacionado con los Juegos Olímpicos, que es la mayor competición deportiva del mundo.\nPASE: Es la acción de lanzar el balón a otro compañero de tu equipo.\nRIVAL: Es el otro equipo o jugador con el que compites.\nFRISBEE: Es un disco plano y redondo que se lanza por los aires.\nOPONENTE: Es la persona o equipo contra la que juegas.\nDANCEHALL: Es un estilo de música y baile que se baila con movimientos libres y rítmicos.\nGYMKHANA: Es una carrera o juego con varios retos y obstáculos que hay que superar.\nFISIOTERAPIA: Es una técnica para tratar dolores del cuerpo, músculos o huesos mediante masajes o ejercicios.\nAMBIENTAL: Que suena de fondo, suave, para crear un ambiente tranquilo.\nLOCUTOR: Es la persona que habla por el micrófono para informar o animar a la gente.\nPHOTOCALL: Es un lugar con un fondo bonito o decorado donde la gente se hace fotos.\nTROFEO: Es un premio que se da al ganador de una competición." error=None
2026-08-27 16:58:34,390 | INFO | httpx | HTTP Request: POST http://localhost:8003/tasks/send "HTTP/1.1 200 OK"
2026-08-27 16:58:34,392 | INFO | __main__ | Tarea Completada: id='59b1f9dc-f8e2-4f6c-b297-cb4db9103d24' status='completed' output='Alicante, 7 de diciembre de 2022.\n\nLa playa del Postiguet acoge el Alicante SUP Open APP Tour.\nSUP es una tabla de surf.\nSe usa para remar de pie.\nAPP es la Asociación de Paddle Surf.\nEs una prueba de paddle surf.\nPaddle surf es el deporte de remar de pie sobre una tabla.\nPertenece al APP World Tour.\nAPP World Tour es el campeonato del mundo de este deporte.\n\nLa competición se celebra del viernes al domingo.\nEs la prueba número 2 del circuito.\nEl circuito pasa por Santa Mónica, en Estados Unidos.\nTambién pasa por Londres.\nTambién pasa por Busán, en Corea del Sur.\nTambién pasa por París.\nEl circuito termina en Jeddah, en Arabia Saudí.\n\nEl Club Deportivo Parres organiza esta prueba.\nEl Patronato de Turismo Alicante City y Beach impulsa la prueba.\nCity y Beach significa ciudad y playa.\n\nMari Carmen Sánchez es la vicealcaldesa.\nTambién es responsable del Patronato de Turismo Alicante City y Beach.\nElla dice que la ciudad acoge una prueba del campeonato mundial.\nEsto pone a Alicante en el mapa internacional del paddle surf.\nAlicante tiene buenas instalaciones.\nAlicante tiene un buen clima.\nEstas cosas ayudan a acoger pruebas deportivas internacionales.\nEstas pruebas impulsan el turismo deportivo.\nTambién ayudan a que la gente visite la ciudad en todas las estaciones.\n\nLas pruebas tienen actividades paralelas.\nHay iniciación al paddle surf.\nHay actuaciones musicales.\nHay una zona de ocio.\nHay una zona de restauración.\nLa vicealcaldesa anima a los alicantinos.\nTambién anima a los visitantes.\nVe a la playa del Postiguet este fin de semana.\nDisfruta del espectáculo deportivo.\nPasa una jornada de deporte y diversión.\nPuedes ir en familia.\nPuedes ir con amigos.\n\nDaniel Parres es el organizador del evento.\nÉl agradece al Patronato de Turismo su apoyo.\nEste apoyo permite hacer un evento de estas características.\nDaniel Parres dice que Alicante tiene las características necesarias.\nEstas características acercan los deportes náuticos a todo el mundo.\nLa celebración de esta prueba internacional es una buena forma de hacerlo.\nTambién es una buena forma de dar a conocer la ciudad en el circuito.\n\nAtletas de más de 15 países participan en el evento.\nEntre ellos están Estados Unidos.\nTambién están Perú.\nTambién están Argentina.\nTambién están Japón.\nTambién están Corea del Sur.\nTambién están Francia.\nTambién están Italia.\nTambién están Hungría.\nTambién están Bélgica.\nTravis Grant está presente en el evento.\nEs un comentarista australiano.\nTambién es un atleta.\nÉl gana 4 veces la Molokai Oahu.\nMolokai Oahu es una carrera de paddle surf en Hawái.\nLa Molokai Oahu es una de las pruebas más duras de SUP Race.\nSUP Race es una carrera de paddle surf.\n\nActividades complementarias\n\nLos 3 días de pruebas deportivas tienen actividades paralelas.\nLa asociación organiza la APP Pool.\nAPP Pool es una piscina gigante.\nEs un punto de entrada para principiantes al deporte.\nTambién es un espacio para otras actividades.\nHay SUP Yoga.\nTambién hay Pilates.\nSUP Yoga es yoga sobre la tabla de paddle surf.\n\nEl evento tiene una zona de ocio.\nSolé Rototom Beach organiza esta zona.\nEs un punto para los deportistas.\nTambién es un punto para los visitantes.\nPueden disfrutar de la música.\nPueden disfrutar de la cultura urbana.\nTambién hay una zona de restauración.\n\nEl viernes 9 de diciembre actúa la compañía de flamenco Pura Sangre.\nDespués actúan los disc jockeys de Urban Corner.\nDisc jockey es una persona que pone música en una fiesta o en la radio.\nEl sábado 10 repiten las actuaciones.\nEl sábado 10 es el día de la música.\nTambién es el día del arte urbano.\nHay un encuentro artístico.\nLos pintores de grafiti Ikon, Best y Tom Rock participan en el encuentro.\n\n--- GLOSARIO ---\nNINGUNA' error=None
2026-08-27 17:27:01,781 | INFO | httpx | HTTP Request: POST http://localhost:8003/tasks/send "HTTP/1.1 200 OK"
2026-08-27 17:27:01,783 | INFO | __main__ | Tarea Completada: id='52dff6a7-3676-4dfc-ac44-42235cc4b1c8' status='completed' output='La pandemia del coronavirus complica el deporte esta temporada. El coronavirus se contagia por el aire. Las autoridades paran las actividades dos veces.\n\nLa Generalitat Valenciana y el Ayuntamiento de Elda limitan la actividad. La Generalitat Valenciana es el gobierno de la Comunidad Valenciana. Estas medidas incluyen:\n- Aplazar los cursos de las Escuelas Deportivas Municipales.\n- Aplazar las actividades deportivas de la Concejalía de Deportes.\n\nLa Concejalía de Deportes es la parte del Ayuntamiento que gestiona el tema del deporte.\n\nEl Ayuntamiento devuelve el dinero de los cursos cancelados. Esto afecta a las personas de las Escuelas Deportivas Municipales y de los Campeonatos Locales. Los Campeonatos Locales son competiciones deportivas en la ciudad.\n\nEl Ayuntamiento devuelve el dinero de los cursos cancelados. Esto es para las personas que entregan los papeles.\n\nAlgunas personas no entregan los papeles. Ellos deben rellenar la Hoja de Mantenimiento a Terceros. Mantenimiento a Terceros: es el servicio que hace una empresa externa para cuidar y reparar las instalaciones deportivas.\n\nPuedes descargar esta hoja en la web www.elda.es. También puedes pedir la hoja en la Concejalía de Deportes. Para esto, pide cita antes. Puedes pedir cita:\n- Por la web.\n- Llama al 966 989 202.\n\nLa Generalitat Valenciana elimina las normas de limitación. Esto pasa si la salud lo permite.\n\nLos alumnos de las Escuelas Deportivas Municipales vuelven a entrenar la próxima semana. Estas escuelas son de Mantenimiento Físico y Artes Marciales. Mantenimiento Físico: son ejercicios para mantener el cuerpo sano y fuerte. Artes Marciales: son deportes de combate como el karate o el judo.\n\nFernando Gómez es el concejal de Deportes. Concejal: es una persona que trabaja en el Ayuntamiento. Él gestiona un tema concreto. Por ejemplo, el deporte. Él dice que el deporte federado empieza. También debes volver a hacer esta actividad. Esta actividad es muy importante para muchas personas. Ellos necesitan una oferta asequible. Asequible: que se puede pagar sin tener problemas de dinero. El deporte es para todas las personas.\n\nFernando Gómez dice que están muy contentos. Las Escuelas Deportivas Municipales tienen muchos inscritos. Muchas personas quieren apuntarse. Hay más de 400 personas en las actividades. El Ayuntamiento crea más escuelas.\n\nLa gente quiere apuntarse más. Esto trajo más plazas en 2017. También hay más cursos. Hoy hay diferentes niveles y actividades. Esto es en las clases de Mantenimiento Físico y de Artes Marciales.\n\n--- GLOSARIO ---\nNINGUNA' error=None
2026-08-27 17:36:37,024 | INFO | httpx | HTTP Request: POST http://localhost:8003/tasks/send "HTTP/1.1 200 OK"
2026-08-27 17:36:37,028 | INFO | __main__ | Tarea Completada: id='7120d0f4-2a1b-4297-9e60-8cad94c71471' status='completed' output='El Ayuntamiento de Alicante actualiza las medidas hasta el 14 de marzo.\nAhora puedes reservar y usar las pistas de pádel.\nAl principio, tienes disponibles 4 pistas en la Ciudad Deportiva Antonio Valls.\nTambién tienes disponibles 2 pistas en el Pabellón Florida Babel.\nHaz las reservas en la web del Ayuntamiento de Alicante.\nPuedes usar las pistas de lunes a viernes en estos horarios:\n\nCiudad Deportiva Antonio Valls:\n- De 8 y 30 de la mañana a 10 de la mañana\n- De 10 y 30 de la mañana a 12 de la mañana\n- De 5 y 30 de la tarde a 7 de la tarde\n- De 7 y 30 de la tarde a 9 de la noche\n\nPabellón Florida Babel:\n- De 5 y 30 de la tarde a 7 de la tarde\n- De 7 y 30 de la tarde a 9 de la noche\n\nEncuentra más información sobre las reservas en este enlace: Pasos para las personas que tienen cuenta\n\n--- GLOSARIO ---\nNINGUNA' error=None
2026-08-27 18:02:12,168 | INFO | httpx | HTTP Request: POST http://localhost:8003/tasks/send "HTTP/1.1 200 OK"
2026-08-27 18:02:12,170 | INFO | __main__ | Tarea Completada: id='d8ab7359-3103-492f-a762-ce6563726378' status='completed' output='Alicante, 3 de abril de 2022.\n\nAdrián Santos Pérez es el concejal de Urbanismo.\nUn concejal trabaja en el ayuntamiento.\nAyuda a gestionar la ciudad.\n\nEl acto de Proclamación ocurre en la Plaza de la Ermita.\nLa Proclamación anuncia oficialmente quién es la Reina.\n\nLas Reinas de las Cruces de Mayo de Santa Cruz son:\n• Alejandra Mingallón López.\n• Nayara Mas Blázquez.\n\nLas Cruces de Mayo son fiestas.\nEl barrio de Santa Cruz celebra estas fiestas.\nLa palabra bellea significa reina de las fiestas.\nLa palabra hoguera significa un grupo de personas.\nEste grupo organiza las fiestas en una zona concreta.\nLa palabra festeras sirve para hablar de las fiestas.\n\nAdrián Santos Pérez habla de las familias de las Reinas.\nDice:\n- Vuestras familias participan en las fiestas de este Barrio.\n- Vosotras vivís las fiestas desde pequeñas.\n- Cantáis y bailáis en las noches de verbena.\nUna verbena es una fiesta al aire libre.\nTiene música y baile.\n- Vosotras ayudáis a preparar las Cruces de Mayo.\nPreparáis las Cruces en las calles San Antonio o Diputado Auset.\n- Estas vivencias cambian con vuestro nuevo cargo.\n\nMari Carmen Orquín Pascual fue bellea en 1959.\nElla pertenece a la hoguera Carmen-San Agustín-Santa Cruz.\nEs la abuela de la Reina Adulta.\n\nAndrés Mas Llorca, El Tío Farina, es el bisabuelo de la Reina Infantil.\nUn bisabuelo es el abuelo de tu abuelo.\n\nAdrián Santos Pérez dice que estas fiestas vuelven a celebrarse.\nSon las primeras fiestas que vuelven.\nLa pandemia paró las fiestas.\nUna pandemia es una enfermedad que se extiende por todo el mundo.\n\nEl Archivo Municipal de Alicante guarda los primeros documentos de las Cruces de Mayo.\nEl Archivo Municipal es el lugar donde se guardan los papeles importantes de la ciudad.\nEstos documentos son del año 1837.\n\nEn 2020, Alejandra Mingallón y Nayara Mas iban a ser Reinas.\nLa pandemia impidió la proclamación.\nAinhoa de la Osa y Edurne Mira no se despidieron en la primavera de 2020.\nNo dijeron adiós a sus cargos como Reinas.\nDespués, Alejandra y Nayara toman su lugar.\n\n--- GLOSARIO ---\nconcejal: persona elegida para representar a los vecinos en el gobierno de la ciudad\ngestionan: organizan y administran\nProclamación: anuncio público y oficial de un hecho o de una persona elegida\nCruces de Mayo: fiestas populares que se celebran en la primavera\nbellea: reina o mujer principal de las fiestas\nhoguera: grupo de vecinos que organiza las fiestas en una parte concreta del barrio\nfesteras: personas que participan y celebran las fiestas\nverbena: fiesta al aire libre con música y baile\nvivencias: experiencias vividas\ncargo: puesto de trabajo o responsabilidad\nbisabuelo: abuelo de los abuelos\npandemia: enfermedad que se extiende por todo el mundo\nArchivo Municipal: lugar donde se guardan los documentos oficiales e importantes de la ciudad\nproclamación: anuncio oficial' error=None
2026-08-27 18:35:42,367 | INFO | httpx | HTTP Request: POST http://localhost:8003/tasks/send "HTTP/1.1 200 OK"
2026-08-27 18:35:42,369 | INFO | __main__ | Tarea Completada: id='dae09af1-f19a-470a-8e04-4fd899b51671' status='completed' output='Alicante, 9 de julio de 2021.\n\nEl Patronato de Turismo del Ayuntamiento de Alicante presenta la programación de Verano Mágico.\nEl Patronato de Turismo organiza el turismo de la ciudad.\nEl Ayuntamiento es el edificio donde trabajan los políticos que gobiernan la ciudad.\n\nLas actividades se celebran en el Castillo de Santa Bárbara.\nLas fechas son de julio a septiembre.\nLa inauguración es mañana a las 12 de la mañana.\nLa inauguración es la ceremonia para abrir un evento.\n\nLa inauguración incluye un día de recreación histórica.\nEn la recreación histórica, las personas visten ropa antigua.\nActúan como si vivieran en el pasado.\nEnseñan cómo era la vida en esa época.\n\nMari Carmen Sánchez es la vicealcaldesa y la concejala de Turismo.\nLa vicealcaldesa ayuda al alcalde a gobernar la ciudad.\nLa concejala es una política que trabaja en el Ayuntamiento.\n\nMari Carmen Sánchez dice que quieren hacer más viva la vida en el Castillo.\nEl Castillo abre sus puertas a las actividades familiares.\nLas actividades siguen las medidas de salud.\nLas medidas de salud son reglas para evitar que la gente se enferme.\n\nEl control del número de personas es muy riguroso.\nEl aforo es el número máximo de personas que pueden estar en un lugar a la vez.\nEstas medidas no impiden disfrutar del programa.\n\nEl programa de actividades dura de julio a septiembre.\nEl programa incluye:\n• Dos ciclos de conciertos.\n• Personas que cuentan historias.\n• Talleres.\n• Actividades familiares.\n• Magia.\n• Títeres de la época medieval.\n\nEl cuentacuentos es la persona que cuenta historias.\nLos títeres de la época medieval representan escenas de caballeros y castillos.\n\nEste fin de semana se inaugura Verano Mágico.\nEse mismo fin de semana hay días de recreación histórica.\nLos días son en el Castillo de Santa Bárbara.\nLos recreadores templarios visten como los caballeros de la Orden del Temple.\nLa Orden del Temple era un grupo de guerreros cristianos de hace muchos años.\n\nEl público familiar e infantil disfruta de demostraciones de combate en vivo.\nLas demostraciones son muestras que se hacen para que la gente las vea.\nEspecialistas de cine realizan estas demostraciones.\nTambién hay cantos medievales en directo.\nHay demostraciones de lucha con espadas antigua.\nLa esgrima clásica es el arte de luchar con espadas siguiendo reglas antiguas.\nHay danzas antiguas.\nLas danzas antiguas son bailes que se hacían hace mucho tiempo.\nLos niños reciben el título de damas y caballeros.\nEl nombramiento es el acto en que se da un título a alguien.\nLos niños son los que reciben el título.\nLas mujeres jóvenes son las que reciben el título de doncellas.\n\nEl ciclo de conciertos Live the roof incluye espectáculos musicales.\nLive the roof es el nombre en inglés de un ciclo de conciertos.\nLos artistas son:\n• L.A.\n• Ventiuno.\n• Marwan.\n• Bely Basarte.\n\nL.A es el nombre artístico de un grupo musical.\n\nEl ciclo A la Llum del Castell ofrece 8 cenas con música y espectáculo.\nA la Llum del Castell es un nombre en valenciano que significa A la luz del Castillo.\nLos artistas son:\n• Albaladre.\n• Ciudad Canalla.\n• The Liverpool Band.\n• Trivox.\n• ABBA Élite.\n• Keeng.\n• DLocos.\n• Tos Secret.\n\nInscripción a las actividades\n\nDebes inscribirte antes de entrar a las actividades del castillo.\nEl castillo es un edificio fuerte con muros altos.\nLa inscripción controla el número de personas que entran.\nEl aforo es el número máximo de personas que pueden estar en un lugar a la vez.\nLa inscripción mantiene las medidas de salud por la enfermedad del coronavirus.\nEl Covd-19 es el nombre de la enfermedad causada por el coronavirus.\n\nLa página web de Turismo publica el enlace de inscripción el lunes anterior a las actividades familiares.\nEl enlace aparece en las redes sociales y en la página web alicanteturismo.com.\n\nPuedes comprar las entradas de los ciclos de conciertos en la página web meetandlive.es.\n\nGestión del Castillo de Santa Bárbara\n\nEn enero de 2021, Luis Barcala, alcalde de Alicante, firma un decreto.\nEl decreto es un documento oficial que ordena o decide algo importante.\nEl decreto cede la gestión de los espacios públicos del Castillo de Santa Bárbara a la Concejalía de Turismo.\nLa Concejalía es el departamento del Ayuntamiento que se encarga de un tema concreto, como el turismo o la cultura.\nMari Carmen Sánchez dirige esta Concejalía.\nLa Concejalía usa el Castillo para la promoción turística de la ciudad.\n\nEste monumento es el más visitado de Alicante.\nEl monumento es un edificio o lugar antiguo que tiene valor histórico o artístico.\nRecibe miles de visitas al año.\n400.000 es una cantidad muy grande de personas.\nEs uno de los principales atractivos de la ciudad.\nLos atractivos son cosas que atraen a la gente.\n\nAntonio Manresa, concejal de Cultura, gestiona la Concejalía de Cultura.\nEl concejal es un político que trabaja en el Ayuntamiento.\nEsta Concejalía conserva y protege el lugar.\nLa preservación es la acción de cuidar y mantener algo para que no se dañe.\nEl lugar es un Bien de Interés Cultural.\nEl Bien de Interés Cultural es un título oficial que da el Estado para proteger lugares o cosas que son muy importantes para la historia y la cultura de España.\nEs un referente histórico y monumental.\nMonumental significa que tiene relación con monumentos o lugares grandes e importantes.\n\n--- GLOSARIO ---\nNINGUNA' error=None
2026-08-27 19:01:58,576 | INFO | httpx | HTTP Request: POST http://localhost:8003/tasks/send "HTTP/1.1 200 OK"
2026-08-27 19:01:58,580 | INFO | __main__ | Tarea Completada: id='31e588b6-6766-4d38-8da9-d623e5297b99' status='completed' output='El alcalde de Alicante, Luis Barcala, escribe una carta a la consejera de Sanidad, Ana Barceló.\nBarcala dice que le preocupa el futuro de los negocios de ocio nocturno en Alicante.\nEl ocio nocturno son los bares y discotecas.\nLa gente va allí por la noche para divertirse.\nLe preocupan las medidas que su departamento aprobó el 17 de agosto de 2020.\n\nBarcala explica en la carta que es el alcalde.\nÉl es la persona responsable de la ciudad.\nÉl entiende que hay que tomar medidas.\nEstas medidas protegen la salud de la gente.\nEsto pasa si hay más casos de la enfermedad Covid-19.\nLa Covid-19 es una enfermedad.\nUn virus provoca esta enfermedad.\nEl Ayuntamiento de Alicante ayuda mucho a aplicar las medidas de seguridad.\nEl Ayuntamiento decide estas medidas.\nLas medidas deben ser solo las necesarias.\nAsí la enfermedad no se transmite de una persona a otra.\nAsí no hay otros problemas.\n\nEl alcalde cree que parar la actividad de ocio es más de lo necesario.\nPide a la consejera que permita a los bares de copas abrir hasta la 1 de la madrugada.\nEstos bares tienen terraza.\nTambién pide que haya hasta 10 personas en cada mesa o grupo de mesas.\nLas personas deben mantener una distancia de 1,5 metros.\nLa actividad debe ser en la terraza.\n\nEn la misma carta, el alcalde dice que permitir el uso de las terrazas con reglas es justo y necesario.\nOtras regiones de España ya lo hacen.\nExtremadura es una de estas regiones.\nEstas regiones tienen un número de casos parecido.\nEsto es importante.\nLa vida de todo un sector depende de esto.\nEl año pasado, este sector representaba el 1,8% de la riqueza total del país.\nEso son 20.000 millones de euros.\nTambién hay más de 200.000 personas que trabajan en este sector.\nSobre todo son jóvenes.\nAsí estos negocios no están en una situación peor.\nOtros negocios parecidos sí pueden abrir sus terrazas.\nAsí el mayor riesgo no está en los espacios cerrados.\n\nPor último, el alcalde recuerda a la consejera que los negocios de hostelería de Alicante han ayudado mucho.\nLa hostelería son los negocios que sirven comida y bebida.\nBares y restaurantes son ejemplos.\nEstos negocios ayudan a controlar las medidas de seguridad.\nEstos negocios aplican las medidas de seguridad.\nEl trabajo de la policía local es mucho más fácil.\nLos negocios hacen esto con sus propias reglas.\nLo hacen de forma muy seria.\nParar toda la actividad tiene un efecto malo.\nHay más fiestas privadas.\nHay más gente que bebe en la calle.\n\n--- GLOSARIO ---\nconcejal: No aparece en el texto.\nconsejera: persona que dirige un departamento del Gobierno.\nocio nocturno: tiempo libre que se pasa por la noche, como ir a bares o discotecas.\ndepartamento: grupo de personas que trabaja para el Gobierno en un tema concreto.\ntransmite: se pasa de una persona a otra.\nmadrugada: horas que hay entre las 0:00 y las 6:00 de la mañana.\ndistancia: espacio que hay entre dos cosas o personas.\nregión: zona o área geográfica de un país.\nsector: grupo de actividades económicas que se parecen entre sí.\nriqueza total: dinero y bienes que tiene un país en total.\nhostelería: negocios que sirven comida y bebida, como bares y restaurantes.\npolicía local: policía que trabaja en un ayuntamiento o ciudad.' error=None
2026-08-27 19:17:59,392 | INFO | httpx | HTTP Request: POST http://localhost:8003/tasks/send "HTTP/1.1 200 OK"
2026-08-27 19:17:59,394 | INFO | __main__ | Tarea Completada: id='d4de988b-af95-4cb8-9a41-1a860920e682' status='completed' output='Alicante, 24 de abril de 2018.\n\nLa persona responsable de la cultura en el ayuntamiento de Alicante informa de una noticia.\n\nEl Museo de Arte Contemporáneo de Alicante participa en un proyecto.\nLlamamos MACA al Museo de Arte Contemporáneo de Alicante.\nEl proyecto empezó en Francia hace 5 años.\nLa UNESCO organiza el proyecto.\nLa UNESCO es la Organización de las Naciones Unidas para la Educación, la Ciencia y la Cultura.\nEl MACA participa por 3 años seguidos.\nEl MACA participa con museos de España y de otros países.\nEl proyecto dura toda esta semana.\nEl proyecto invita a los centros culturales y a los museos del mundo.\nLos centros y los museos participan en Twitter.\nTwitter es una red social donde la gente escribe mensajes cortos.\n\nEl proyecto tiene 7 días.\nEl proyecto tiene 7 temas.\nEl proyecto tiene 7 etiquetas.\nUna etiqueta es una palabra con el símbolo # que sirve para agrupar mensajes en redes sociales.\n\nEste año, los temas son la tolerancia y la vida en sociedad.\nTolerancia: es el respeto hacia las personas que son diferentes a ti.\nLos temas también tratan el papel de los museos en la sociedad.\n\nCada etiqueta diaria muestra una parte de los valores.\nLa etiqueta del lunes es #womenMW.\nLa etiqueta #womenMW es el tema principal de la actividad.\n\nLos museos y centros culturales participan hasta el domingo.\nLos museos comparten experiencias, imágenes o proyectos.\nLos museos usan estas etiquetas:\n- El martes usan #cityMW.\n- El miércoles usan #heritageMW.\n- El jueves usan #professionsMW.\n- El viernes usan #kidsMW.\n- El sábado usan #natureMW.\n- El domingo usan #differenceMW.\n\nLas personas que siguen a los museos en las redes sociales conocen secretos.\nConocen secretos de los edificios.\nConocen secretos de las colecciones.\nConocen secretos de los trabajadores.\nLos trabajadores hacen posible que el museo funcione cada día.\n\nEstos museos participan en la actividad:\n- El Museo Reina Sofía.\n- El Guggenheim de Bilbao.\n- El Museo del Prado.\n- El Museo del Louvre.\n- La Galería Nacional de Londres.\n\nLa actividad da información sobre los museos a los visitantes.\nLa actividad crea un contacto muy intenso entre los centros.\n\nEntre el lunes y el martes, los centros publican miles de mensajes en Twitter.\nLos usuarios comparten los mensajes muchas veces.\nLos usuarios realizan miles de comentarios.\n\nItalia tiene la mayor participación.\nFrancia tiene la participación número 2.\nEspaña tiene la participación número 3.\nLas mujeres participan más que los hombres.\nCasi 6 de cada 10 personas que participan son mujeres.\n\n--- GLOSARIO ---\nUNESCO: organización internacional que trabaja para la educación, la ciencia y la cultura.\netiqueta: palabra con el símbolo # que sirve para agrupar mensajes en redes sociales.\ntolerancia: respeto hacia las personas que son diferentes a ti.' error=None
2026-08-27 19:40:25,151 | INFO | httpx | HTTP Request: POST http://localhost:8003/tasks/send "HTTP/1.1 200 OK"
2026-08-27 19:40:25,153 | INFO | __main__ | Tarea Completada: id='0083c1d0-656b-432f-b69d-847e22412aa0' status='completed' output='María Dolores Padilla dirige la cultura en el Ayuntamiento.\nPadilla presenta la edición número 2 del programa Estiu cultural.\nLa Diputación de Alicante ayuda.\nOtras organizaciones ayudan.\n\nEl programa dura de julio a septiembre.\nEl programa ofrece muchas actividades.\nLas actividades son para los vecinos, los visitantes y los turistas.\nLas actividades son para todas las edades.\nLas actividades son para todos los gustos.\n\nLas actividades incluyen:\n- Teatro.\n- Música.\n- Cine.\n- Exposiciones.\n- Talleres.\n- Conciertos.\n- Cenas con espectáculo.\n- Grupos de canto.\n- Personas que cuentan historias.\n- Títeres.\n- Circo.\n- Danza.\n- Videojuegos.\n- Películas y vídeos.\n- Un mercado de diseño.\n\nMuchos lugares de la ciudad acogen las actividades.\nLos lugares son:\n- El Castillo de Santa Bárbara.\n- El MACA.\n- La Sala de exposiciones de la Lonja del Pescado.\n- La Concha de la Explanada.\n- Cigarreras.\n- Los parques.\n- La Plaza del Ayuntamiento.\n\nEl MACA son las siglas de Museo de Arte Contemporáneo de Alicante.\nLa Lonja del Pescado es un edificio antiguo.\nAntes se vendía el pescado en la Lonja.\nLa Concha de la Explanada es una plaza grande y curva.\nLa Concha de la Explanada está en el centro de la ciudad.\nCigarreras es una zona de la ciudad.\nCigarreras tiene edificios antiguos.\nLa Plaza del Ayuntamiento es la plaza principal.\nEl edificio del gobierno de la ciudad está en la Plaza del Ayuntamiento.\n\nEl programa tiene 115 actividades este verano.\nLas actividades muestran la creatividad.\nCreatividad: es la capacidad de inventar cosas nuevas o de hacer las cosas de una forma nueva.\nLas actividades muestran todas las artes.\nLas actividades son para todo el público.\nEl programa muestra el trabajo de la ciudad.\nLa ciudad trabaja para la cultura.\n\nEl año pasado, el programa tuvo 115 actividades.\nMuchas personas disfrutaron de las actividades.\nEl programa quiere llegar a miles de personas este año.\nEl programa quiere que muchas más personas disfruten de las actividades este año.\n\nPadilla da las gracias a los trabajadores de la cultura.\nLos trabajadores preparan un gran programa cultural.\nEl programa es para el verano.\nPadilla invita a los vecinos de Alicante.\nPadilla invita a los visitantes.\nPadilla invita a disfrutar de la oferta cultural.\nAlicante ofrece actividades.\nAlicante ofrece sol y playa.\n\n--- GLOSARIO ---\nAyuntamiento: edificio principal donde trabajan las personas que gobiernan una ciudad o pueblo.\nDiputación: institución que ayuda a los pueblos y ciudades de una provincia a funcionar.\nTalleres: clases prácticas donde se aprende a hacer algo con las manos.\nTíteres: muñecos que mueven las personas para representar historias.\nMACA: siglas de Museo de Arte Contemporáneo de Alicante.\nLonja: edificio donde antes se compraban y vendían cosas, en este caso pescado.\nExplanada: paseo grande y abierto en el centro de la ciudad.\nCreatividad: habilidad para inventar cosas nuevas o hacerlas de una manera distinta.' error=None
2026-08-28 11:10:07,092 | INFO | __main__ | Agente lanzado: Agentes.simplificador_agente:app en puerto 8001 (pid 8984)
2026-08-28 11:10:07,101 | INFO | __main__ | Agente lanzado: Agentes.critico_agente:app en puerto 8002 (pid 21972)
2026-08-28 11:10:07,111 | INFO | __main__ | Agente lanzado: Agentes.supervisor_agente:app en puerto 8003 (pid 6100)
2026-08-28 11:10:07,119 | INFO | __main__ | Agente lanzado: Agentes.definicion_agente:app en puerto 8004 (pid 11292)
2026-08-28 11:10:07,130 | INFO | __main__ | Agente lanzado: Agentes.agentes_simplificacion.simplificador_sintactico:app en puerto 8005 (pid 17020)
2026-08-28 11:10:07,139 | INFO | __main__ | Agente lanzado: Agentes.agentes_simplificacion.simplificador_estructural:app en puerto 8006 (pid 11968)
2026-08-28 11:10:07,150 | INFO | __main__ | Agente lanzado: Agentes.agentes_simplificacion.simplificador_lexico:app en puerto 8007 (pid 20732)
2026-08-28 11:10:07,159 | INFO | __main__ | Agente lanzado: Agentes.agentes_critico.critico_sintactico:app en puerto 8008 (pid 4124)
2026-08-28 11:10:07,169 | INFO | __main__ | Agente lanzado: Agentes.agentes_critico.critico_estructural:app en puerto 8009 (pid 17584)
2026-08-28 11:10:07,179 | INFO | __main__ | Agente lanzado: Agentes.agentes_critico.critico_lexico:app en puerto 8010 (pid 18980)
2026-08-28 11:10:07,180 | INFO | __main__ | Esperando a que los agentes arranquen...
2026-08-28 11:10:11,664 | INFO | httpx | HTTP Request: GET http://localhost:8001/.well-known/agent.json "HTTP/1.1 200 OK"
2026-08-28 11:10:11,665 | INFO | __main__ | Agente 'simplificador' listo en http://localhost:8001
2026-08-28 11:10:11,929 | INFO | httpx | HTTP Request: GET http://localhost:8002/.well-known/agent.json "HTTP/1.1 200 OK"
2026-08-28 11:10:11,930 | INFO | __main__ | Agente 'critico' listo en http://localhost:8002
2026-08-28 11:10:12,194 | INFO | httpx | HTTP Request: GET http://localhost:8003/.well-known/agent.json "HTTP/1.1 200 OK"
2026-08-28 11:10:12,195 | INFO | __main__ | Agente 'supervisor' listo en http://localhost:8003
2026-08-28 11:10:12,465 | INFO | httpx | HTTP Request: GET http://localhost:8004/.well-known/agent.json "HTTP/1.1 200 OK"
2026-08-28 11:10:12,466 | INFO | __main__ | Agente 'definicion' listo en http://localhost:8004
2026-08-28 11:10:12,733 | INFO | httpx | HTTP Request: GET http://localhost:8005/.well-known/agent.json "HTTP/1.1 200 OK"
2026-08-28 11:10:12,734 | INFO | __main__ | Agente 'simplificador_oraciones' listo en http://localhost:8005
2026-08-28 11:10:13,000 | INFO | httpx | HTTP Request: GET http://localhost:8006/.well-known/agent.json "HTTP/1.1 200 OK"
2026-08-28 11:10:13,001 | INFO | __main__ | Agente 'simplificador_estructural' listo en http://localhost:8006
2026-08-28 11:10:13,266 | INFO | httpx | HTTP Request: GET http://localhost:8007/.well-known/agent.json "HTTP/1.1 200 OK"
2026-08-28 11:10:13,267 | INFO | __main__ | Agente 'simplificador_lexico' listo en http://localhost:8007
2026-08-28 11:10:13,534 | INFO | httpx | HTTP Request: GET http://localhost:8008/.well-known/agent.json "HTTP/1.1 200 OK"
2026-08-28 11:10:13,535 | INFO | __main__ | Agente 'critico_oraciones' listo en http://localhost:8008
2026-08-28 11:10:13,803 | INFO | httpx | HTTP Request: GET http://localhost:8009/.well-known/agent.json "HTTP/1.1 200 OK"
2026-08-28 11:10:13,804 | INFO | __main__ | Agente 'critico_estructural' listo en http://localhost:8009
2026-08-28 11:10:14,071 | INFO | httpx | HTTP Request: GET http://localhost:8010/.well-known/agent.json "HTTP/1.1 200 OK"
2026-08-28 11:10:14,072 | INFO | __main__ | Agente 'critico_lexico' listo en http://localhost:8010
2026-08-28 11:10:14,074 | INFO | __main__ | Todos los agentes están listos. API escuchando en http://localhost:8000
2026-08-28 11:21:39,600 | INFO | httpx | HTTP Request: POST http://localhost:8003/tasks/send "HTTP/1.1 200 OK"
2026-08-28 11:21:39,602 | INFO | __main__ | Tarea Completada: id='de2fa2ee-b95d-4730-96e5-64c0b0bb36d6' status='completed' output='Mar Ezcurra es la persona que se encarga de la Cultura y de los jóvenes en el Ayuntamiento de Orihuela. El Ayuntamiento es el edificio donde trabajan las personas que dirigen la ciudad.\nElla presenta las actividades de la fiesta de Los Murales de San Isidro.\nLa fiesta es este fin de semana.\nHay muchas actividades.\nHay música, teatro, paseos por la calle, poesía y fútbol sala.\nTambién hay una fiesta para niños con juegos y talleres.\nMar Ezcurra dice que quieren llenar el barrio de color y poesía.\nEllos hacen un homenaje al poeta Miguel Hernández. Un homenaje es una forma de mostrar respeto y cariño a una persona.\nLa fiesta empieza el viernes a las 6 y 30 de la tarde.\nEl acto es en el parque de San Isidro.\nLos artistas reciben a los vecinos.\nLos artistas empiezan a pintar las paredes de los edificios.\nEl grupo Varry Brava da un concierto.\nEste concierto da el inicio a la fiesta cultural.\nEl grupo musical Ideales hace un paseo por el barrio.\nEl DJ David Rodriguez toca la música a las 8 y 30 de la noche.\nVarry Brava toca en la Plaza de la Ermita.\nEllos llegaron a la final en el Benidorm Fest 2022.\nEl grupo Awakate toca después de Varry Brava.\nEl concierto de Awakate es a las 11 de la noche.\nEl sábado, el DJ Patrick toca a las 12 de la mañana.\nÉl toca música Indie Pop.\nCrema Caballero toca a las 7 de la tarde.\nTrastorners Rompe Reagge toca a las 8 y 30 de la noche.\nJamones con Tacones toca a las 10 de la noche.\nEl sábado hay más actividades durante el día.\nHay un paseo por el barrio con teatro a las 12 y 30 de la mañana.\nLa Banda Filarmonía Orihuela hace un paseo por el barrio.\nHay un grupo de percusión muy grande.\nHay una gran fiesta para niños.\nHay un campeonato de Fútbol Sala.\nHay personas que leen poesía en voz alta.\nHay pinturas en las paredes de los edificios.\nLa persona que se encarga de la Cultura habla de los murales.\nHay nuevas paredes para pintar.\nLos artistas de la zona arreglan los murales que están rotos.\nLas personas expertas en arreglar obras de arte también ayudan.\nEl domingo hay las mismas actividades culturales.\nLa Asociación Musical Dacapo hace un paseo por el barrio.\nEl DJ David Rodriguez toca música de los años 80.\nLa Big Band Dacapo da el concierto de cierre.\nEl concierto es en el mural del Guernica.\nEl domingo se celebra la edición número 24 de Mercadearte.\nMar Ezcurra quiere llenar de vida el barrio.\nEl barrio les recibe con cariño cada año.\nEllos celebran el homenaje a Miguel Hernández con los vecinos.\nMaribel acompaña a Mar Ezcurra.\nMaribel representa a la asociación de vecinos de San Isidro.\nMiguel Ángel Murcia también acompaña a Mar Ezcurra.\nMiguel Ángel Murcia es de la Junta Directiva del C.F.P. Orihuela Deportiva. C.F.P. son las siglas de Club de Fútbol Playa.\nÉl organiza el Campeonato de Fútbol Sala Murales de San Isidro.\nÉl se encarga de la barra de bebidas para recaudar dinero durante el fin de semana.\nPuedes ver todas las actividades en la página web culturaorihuela.com.\nTambién puedes verlas en las redes sociales de la persona que se encarga de la Cultura.\nLa persona que se encarga de la Cultura y de los jóvenes pone en marcha el tren turístico.\nEl tren turístico funciona todo el fin de semana.\nEl tren tiene paradas en:\n- el Ayuntamiento de Orihuela.\n- la Glorieta Gabriel Miró.\n- el Casino Orcelitano.\n- la plaza Ramón Sijé.\n- el barrio de San Isidro.\nTodas las actividades culturales son gratis.\nLos conciertos son gratis.\nEl tren turístico es gratis.\n\n--- GLOSARIO ---\nAyuntamiento: edificio donde trabajan las personas que dirigen la ciudad\nFútbol sala: juego de fútbol que se juega dentro de un espacio cerrado\nHomenaje: una forma de mostrar respeto y cariño a una persona\nActo: evento o actividad organizada para una ocasión especial\nConcierto: actuación musical en vivo\nDJ: persona que selecciona y pone música en fiestas o eventos\nFinal: la última competición de un torneo para decidir al ganador\nIndie Pop: estilo de música pop que suele ser más independiente y menos comercial\nPercusión: grupo de instrumentos musicales que se tocan golpeando, como tambores\nPercusión: instrumento musical que se toca golpeando\nFilarmonía: orquesta que toca instrumentos de viento y percusión\nPercusión: instrumentos que se tocan golpeando\nBig Band: grupo musical grande que toca jazz u otros estilos, con muchos músicos\nCierre: el final de un evento\nMurales: pinturas grandes hechas en las paredes de edificios\nEdición: número de veces que se repite un evento\nJunta Directiva: grupo de personas que dirige una organización\nC.F.P.: siglas de Club de Fútbol Playa\nBarra de bebidas: lugar donde se sirven bebidas\nRedes sociales: sitios web donde las personas comparten información y se comunican\nTren turístico: tren que lleva a los turistas de un lugar a otro para que visiten la ciudad\nGlorieta: plaza pública pequeña, a menudo con forma de círculo\nCasino: edificio donde se hacen actividades sociales, culturales o juegos\nRamón Sijé: nombre de una plaza' error=None
2026-09-03 11:04:47,662 | INFO | __main__ | Agente lanzado: Agentes.simplificador_agente:app en puerto 8001 (pid 17396)
2026-09-03 11:04:47,673 | INFO | __main__ | Agente lanzado: Agentes.critico_agente:app en puerto 8002 (pid 9464)
2026-09-03 11:04:47,680 | INFO | __main__ | Agente lanzado: Agentes.supervisor_agente:app en puerto 8003 (pid 18996)
2026-09-03 11:04:47,688 | INFO | __main__ | Agente lanzado: Agentes.definicion_agente:app en puerto 8004 (pid 23616)
2026-09-03 11:04:47,697 | INFO | __main__ | Agente lanzado: Agentes.agentes_simplificacion.simplificador_sintactico:app en puerto 8005 (pid 3760)
2026-09-03 11:04:47,706 | INFO | __main__ | Agente lanzado: Agentes.agentes_simplificacion.simplificador_estructural:app en puerto 8006 (pid 7684)
2026-09-03 11:04:47,716 | INFO | __main__ | Agente lanzado: Agentes.agentes_simplificacion.simplificador_lexico:app en puerto 8007 (pid 21080)
2026-09-03 11:04:47,722 | INFO | __main__ | Agente lanzado: Agentes.agentes_critico.critico_sintactico:app en puerto 8008 (pid 11756)
2026-09-03 11:04:47,732 | INFO | __main__ | Agente lanzado: Agentes.agentes_critico.critico_estructural:app en puerto 8009 (pid 4416)
2026-09-03 11:04:47,741 | INFO | __main__ | Agente lanzado: Agentes.agentes_critico.critico_lexico:app en puerto 8010 (pid 17592)
2026-09-03 11:04:47,742 | INFO | __main__ | Esperando a que los agentes arranquen...
2026-09-03 11:05:05,867 | INFO | httpx | HTTP Request: GET http://localhost:8001/.well-known/agent.json "HTTP/1.1 200 OK"
2026-09-03 11:05:05,869 | INFO | __main__ | Agente 'simplificador' listo en http://localhost:8001
2026-09-03 11:05:06,132 | INFO | httpx | HTTP Request: GET http://localhost:8002/.well-known/agent.json "HTTP/1.1 200 OK"
2026-09-03 11:05:06,133 | INFO | __main__ | Agente 'critico' listo en http://localhost:8002
2026-09-03 11:05:06,394 | INFO | httpx | HTTP Request: GET http://localhost:8003/.well-known/agent.json "HTTP/1.1 200 OK"
2026-09-03 11:05:06,396 | INFO | __main__ | Agente 'supervisor' listo en http://localhost:8003
2026-09-03 11:05:06,661 | INFO | httpx | HTTP Request: GET http://localhost:8004/.well-known/agent.json "HTTP/1.1 200 OK"
2026-09-03 11:05:06,663 | INFO | __main__ | Agente 'definicion' listo en http://localhost:8004
2026-09-03 11:05:06,927 | INFO | httpx | HTTP Request: GET http://localhost:8005/.well-known/agent.json "HTTP/1.1 200 OK"
2026-09-03 11:05:06,929 | INFO | __main__ | Agente 'simplificador_oraciones' listo en http://localhost:8005
2026-09-03 11:05:07,195 | INFO | httpx | HTTP Request: GET http://localhost:8006/.well-known/agent.json "HTTP/1.1 200 OK"
2026-09-03 11:05:07,196 | INFO | __main__ | Agente 'simplificador_estructural' listo en http://localhost:8006
2026-09-03 11:05:07,461 | INFO | httpx | HTTP Request: GET http://localhost:8007/.well-known/agent.json "HTTP/1.1 200 OK"
2026-09-03 11:05:07,462 | INFO | __main__ | Agente 'simplificador_lexico' listo en http://localhost:8007
2026-09-03 11:05:07,729 | INFO | httpx | HTTP Request: GET http://localhost:8008/.well-known/agent.json "HTTP/1.1 200 OK"
2026-09-03 11:05:07,731 | INFO | __main__ | Agente 'critico_oraciones' listo en http://localhost:8008
2026-09-03 11:05:07,997 | INFO | httpx | HTTP Request: GET http://localhost:8009/.well-known/agent.json "HTTP/1.1 200 OK"
2026-09-03 11:05:07,999 | INFO | __main__ | Agente 'critico_estructural' listo en http://localhost:8009
2026-09-03 11:05:08,262 | INFO | httpx | HTTP Request: GET http://localhost:8010/.well-known/agent.json "HTTP/1.1 200 OK"
2026-09-03 11:05:08,264 | INFO | __main__ | Agente 'critico_lexico' listo en http://localhost:8010
2026-09-03 11:05:08,267 | INFO | __main__ | Todos los agentes están listos. API escuchando en http://localhost:8000
2026-09-03 11:07:48,443 | INFO | httpx | HTTP Request: POST http://localhost:8003/tasks/send "HTTP/1.1 200 OK"
2026-09-03 11:07:48,445 | ERROR | __main__ | Error en la tarea: El agente http://localhost:8002 falló: No se ha podido obtener ningún informe crítico.
2026-09-03 11:07:50,685 | INFO | __main__ | Apagando agentes...
